wall_time,step,value,match,infeasible_match,mismatch,notinstock,total_removed
1600602940.225188,10721,-87286.6015625,2434,66,5933,2160,0
1600602959.1658082,18099,-51442.8984375,2471,29,3522,1356,1
1600602975.174062,24372,-42284.80078125,2452,48,2818,955,0
1600602990.103848,29954,-33302.6015625,2474,26,2231,851,13
1600603006.052833,35392,-30941.69921875,2484,16,1799,1139,11
1600603018.256247,39695,-18640.599609375,2494,6,1183,620,26
1600603029.468576,44006,-20021.80078125,2482,18,992,819,36
1600603038.58922,47418,-9770.2998046875,2497,3,593,319,60
1600603047.424681,50826,-9650.2001953125,2498,2,416,492,62
1600603056.0817401,54166,-9170.400390625,2496,4,507,333,62
1600603066.92485,58471,-19651.5,2486,14,387,1418,35
1600603078.4021041,62882,-22493.400390625,2468,32,361,1550,23
1600603089.341121,67088,-21504.30078125,2459,41,318,1388,39
1600603096.842828,70139,-7371.7001953125,2483,17,189,362,41
1600603107.7156181,74251,-16870.5,2499,1,206,1406,50
1600603121.2249339,79228,-26961.900390625,2497,3,208,2269,54
1600603129.480154,82389,-8721.7998046875,2483,17,139,522,56
1600603138.384671,85833,-11461.7001953125,2486,14,185,759,57
1600603146.236949,88952,-6880.2001953125,2500,0,137,482,74
1600603155.787761,92663,-14361.7998046875,2486,14,83,1128,70
1600603168.0456939,97280,-23061.5,2491,9,160,1957,64
1600603175.2615218,100102,-3900.300048828125,2498,2,52,270,63
1600603183.673998,103376,-10922.7001953125,2476,24,77,697,73
1600603191.240389,106334,-5260.10009765625,2499,1,67,391,83
1600603199.363331,109518,-8000.7998046875,2492,8,73,611,61
1600603206.935894,112451,-5861.2998046875,2487,13,86,347,48
1600603216.094165,115893,-10520.7998046875,2493,7,71,871,55
1600603225.817986,119434,-12111.2998046875,2488,12,33,1008,65
1600603235.072642,123095,-12630.7998046875,2493,7,31,1130,47
1600603243.6738718,126345,-8470.7001953125,2496,4,54,696,52
1600603250.926564,129182,-4330.89990234375,2491,9,52,285,31
1600603258.818291,132324,-7410.89990234375,2491,9,73,569,34
1600603267.3732018,135519,-8151.2001953125,2488,12,70,625,25
1600603275.18074,138165,-1740.300048828125,2497,3,49,97,23
1600603282.693825,140692,-240.0,2500,0,27,0,22
1600603289.757667,143294,-950.0,2500,0,27,75,18
1600603296.6218429,145909,-1100.0,2500,0,22,93,20
1600603305.360559,148841,-4390.10009765625,2500,0,14,418,22
1600603313.271637,151554,-2180.10009765625,2500,0,11,202,20
1600603321.344508,154289,-3451.10009765625,2490,10,16,219,25
1600603329.682591,157108,-3960.699951171875,2495,5,7,312,32
1600603339.043149,160374,-7550.0,2500,0,11,755,14
1600603347.4607081,163292,-4360.2001953125,2500,0,15,403,23
1600603355.403401,165832,-450.0,2500,0,10,30,30
1600603366.043597,169229,-9070.2001953125,2500,0,6,891,15
1600603373.133595,171852,-1250.0,2500,0,8,115,27
1600603386.400861,176138,-18741.0,2500,0,8,1778,13
1600603394.901629,178712,-980.0,2500,0,7,67,49
1600603402.327036,181228,-89.99999237060547,2500,0,7,9,18
1600603410.163973,183818,-870.0,2500,0,6,84,22
1600603417.5244281,186428,-1110.0999755859375,2500,0,7,103,16
1600603424.470429,188973,-450.0,2500,0,8,37,25
1600603431.284698,191519,-470.0,2500,0,3,43,26
1600603438.232113,194071,-570.0,2500,0,11,41,30
1600603446.806697,196689,-1140.0,2500,0,8,110,21
1600603456.761249,199898,-7340.2001953125,2500,0,10,699,30
1600603464.158345,202408,-59.99999237060547,2500,0,4,6,21
1600603471.439117,204913,6.377696990966797e-06,2500,0,5,0,20
1600603479.071501,207420,-29.999996185302734,2500,0,7,0,21
1600603486.052414,209923,20.00000762939453,2500,0,3,0,20
1600603492.383192,212425,30.000009536743164,2500,0,2,0,20
1600603502.120106,216099,-12510.7998046875,2500,0,3,1171,22
1600603509.7810712,219026,-4180.0,2500,0,1,426,16
1600603516.537189,221579,-480.0,2500,0,4,49,20
1600603523.5588732,224147,-620.0,2500,0,6,62,19
1600603530.470295,226764,-1150.0,2500,0,3,114,23
1600603537.992505,229344,-710.0,2500,0,4,76,16
1600603547.052683,232262,-4240.10009765625,2500,0,4,414,21
1600603563.766449,237843,-33512.80078125,2500,0,4,3077,15
1600603570.295815,240347,-39.99999237060547,2500,0,4,0,25
1600603577.597931,242989,-1320.0,2500,0,1,141,15
1600603585.354582,245756,-2570.0,2500,0,2,265,15
1600603593.1141021,248425,-1680.0999755859375,2500,0,1,168,14
1600603600.663319,250929,60.00000762939453,2500,0,4,0,15
1600603608.1581671,253478,-400.0,2500,0,2,47,16
1600603615.483242,256007,-189.99998474121094,2500,0,6,23,15
1600603622.787872,258632,-1290.0,2500,0,2,123,29
1600603630.593673,261182,-470.0,2500,0,2,48,22
1600603638.733102,263876,-1910.0,2500,0,2,192,22
1600603645.6234,266494,-1190.0,2500,0,0,118,26
1600603652.38145,269029,-270.0,2500,0,0,35,17
1600603659.3889432,271718,-1820.0,2500,0,1,188,18
1600603666.550574,274310,-850.0,2500,0,3,89,18
1600603673.032156,276813,-19.999990463256836,2500,0,0,3,24
1600603681.528516,279872,-5890.39990234375,2500,0,0,559,15
1600603688.5303402,282395,-239.99998474121094,2500,0,0,23,26
1600603697.0866911,285577,-6890.0,2500,0,2,680,32
1600603705.078262,288537,-4560.0,2500,0,0,460,21
1600603712.539262,291313,-2770.10009765625,2500,0,1,275,16
1600603719.8908641,293818,-9.999991416931152,2500,0,2,3,21
1600603726.912218,296320,-29.999990463256836,2500,0,2,0,26
1600603733.279972,298825,-9.999993324279785,2500,0,0,5,21
1600603739.982753,301326,40.00000762939453,2500,0,1,0,20
1600603747.954436,304473,-6590.2001953125,2500,0,2,645,17
1600603754.7178009,306975,4.090368747711182e-06,2500,0,2,0,23
1600603763.3808472,310259,-8280.5,2500,0,1,783,19
1600603769.9214091,312763,40.000003814697266,2500,0,4,0,17
1600603776.677645,315496,-2260.0,2500,0,0,233,18
1600603783.703236,318122,-1210.0,2500,0,2,124,20
1600603793.028954,321687,-10840.2001953125,2500,0,3,1062,24
1600603799.704055,324273,-850.0,2500,0,1,85,24
1600603806.7351859,326914,-1330.0,2500,0,4,137,17
1600603813.426602,329506,-800.0,2500,0,2,90,13
1600603819.635731,332010,-90.0,2500,0,4,0,30
1600603826.155238,334512,50.00000762939453,2500,0,2,0,18
1600603832.608858,337016,110.00000762939453,2500,0,1,3,10
1600603839.4397628,339521,6.377696990966797e-06,2500,0,3,2,20
1600603846.123762,342064,-480.1000061035156,2499,1,6,37,20
1600603852.716903,344602,-510.1000061035156,2499,1,10,28,28
1600603859.199172,347202,-1040.0,2500,0,5,95,29
1600603865.793198,349709,-49.99999237060547,2500,0,1,6,23
1600603871.8389518,352218,-9.999991416931152,2500,0,9,0,17
1600603878.356705,354801,-810.0,2500,0,3,80,23
1600603884.814493,357336,-360.0,2500,0,2,33,26
1600603891.453423,359837,40.00000762939453,2500,0,1,0,20
1600603902.4890308,363846,-16011.0,2500,0,1,1508,17
1600603912.897844,367373,-10450.2001953125,2500,0,0,1027,23
1600603921.269691,370233,-3720.10009765625,2500,0,2,358,27
1600603928.428928,372747,-89.99999237060547,2500,0,5,9,20
1600603935.2094982,375337,-860.0,2500,0,9,81,21
1600603941.438832,377840,70.00000762939453,2500,0,3,0,15
1600603948.653301,380635,-3110.10009765625,2500,0,5,290,31
1600603955.353188,383141,20.00000762939453,2500,0,0,6,17
1600603961.611892,385643,70.00000762939453,2500,0,1,1,16
1600603968.917077,388438,-3060.10009765625,2500,0,2,293,26
1600603975.446003,390955,-230.0,2500,0,5,12,31
1600603981.7469592,393458,40.00000762939453,2500,0,3,0,18
1600603988.490148,395969,-109.99999237060547,2500,0,5,6,25
1600603995.875972,398736,-2680.10009765625,2500,0,2,265,16
1600604003.071126,401565,-3350.10009765625,2500,0,2,327,21
1600604009.345591,404083,-149.99998474121094,2500,0,3,15,22
1600604016.019843,406588,-39.99999237060547,2500,0,4,1,24
1600604024.04252,409634,-5550.2001953125,2500,0,12,534,14
1600604031.288051,412494,-3600.10009765625,2500,0,4,356,15
1600604037.9600818,415004,-69.99999237060547,2500,0,2,8,22
1600604044.641145,417549,-450.0,2500,0,3,42,25
1600604050.932369,420086,-249.99998474121094,2500,0,4,33,13
1600604058.9486122,423134,-5980.39990234375,2500,0,0,548,35
1600604065.625155,425721,-740.0,2500,0,2,85,12
1600604072.314404,428235,-89.99999237060547,2500,0,1,13,20
1600604078.995774,430739,-39.9999885559082,2500,0,0,4,25
1600604085.4032729,433248,-150.09999084472656,2499,1,2,7,21
1600604092.050774,435755,-29.999990463256836,2500,0,1,6,21
1600604099.5285618,438776,-5250.10009765625,2500,0,5,516,19
1600604106.4532402,441430,-1650.0999755859375,2500,0,3,151,26
1600604113.086255,443938,30.00000762939453,2500,0,0,8,14
1600604119.449337,446438,50.00000762939453,2500,0,0,0,20
1600604125.9490292,448939,20.00000762939453,2500,0,1,0,22
1600604132.147827,451445,8.285045623779297e-06,2500,0,2,4,19
1600604138.706719,453970,-340.0,2500,0,0,25,34
1600604145.382081,456505,-220.0,2500,0,2,33,12
1600604152.025238,459014,-129.99998474121094,2500,0,2,7,29
1600604158.17226,461528,-130.0,2500,0,1,13,24
1600604164.76417,464119,-870.0,2500,0,2,89,21
1600604171.393375,466622,40.000003814697266,2500,0,1,2,18
1600604177.8738828,469130,-49.99999237060547,2500,0,4,4,22
1600604184.712499,471808,-1830.0999755859375,2500,0,2,176,20
1600604191.319733,474441,-1290.0,2500,0,1,132,21
1600604197.889288,476943,70.00000762939453,2500,0,2,0,16
1600604204.4061399,479495,-430.0,2500,0,2,50,16
1600604210.590118,481997,50.00000762939453,2500,0,2,0,18
1600604217.168163,484517,-189.99998474121094,2500,0,0,20,24
1600604223.498059,487027,-160.09999084472656,2499,1,4,6,21
1600604231.2663941,489899,-3960.300048828125,2499,1,5,367,19
1600604237.9451861,492435,-290.0,2500,0,0,36,18
1600604244.254751,494936,30.000009536743164,2500,0,1,0,21
1600604251.146972,497537,-920.0,2500,0,3,98,16
1600604257.346842,500047,-29.999990463256836,2500,0,2,8,18
1600604263.9306922,502551,-19.99999237060547,2500,0,1,3,23
1600604270.265409,505083,-350.1000061035156,2499,1,1,31,18
1600604276.9094899,507584,10.000009536743164,2500,0,1,0,23
1600604283.901122,510099,-29.99999237060547,2500,0,3,12,13
1600604290.738351,512603,20.000009536743164,2500,0,4,0,19
1600604297.870135,515107,60.00000762939453,2500,0,1,3,15
1600604304.236664,517617,-39.99999237060547,2500,0,0,10,19
1600604310.8308601,520144,-199.99998474121094,2500,0,0,27,18
1600604317.351282,522647,30.00000762939453,2500,0,1,2,19
1600604323.5127192,525147,10.000007629394531,2500,0,0,0,24
1600604330.107738,527669,-199.99998474121094,2500,0,0,22,23
1600604336.689086,530170,50.00000762939453,2500,0,1,0,19
1600604344.689137,532762,-870.0,2500,0,1,91,20
1600604351.699666,535270,-109.99999237060547,2500,0,3,5,28
1600604359.050207,537771,20.00000762939453,2500,0,1,0,22
1600604366.0036108,540365,-850.0,2500,0,0,94,16
1600604372.599633,542893,-249.99998474121094,2500,0,0,28,22
1600604379.068602,545471,-740.0,2500,0,3,75,21
1600604385.439935,548014,-390.0,2500,0,0,43,21
1600604391.766911,550575,-540.0,2500,0,4,57,18
1600604398.176141,553159,-840.0,2500,0,2,82,25
1600604404.676175,555704,-380.0,2500,0,9,36,18
1600604410.667596,558204,-19.999988555908203,2500,0,0,0,27
1600604417.0757241,560709,30.00000762939453,2500,0,3,2,17
1600604423.900725,563337,-1220.0,2500,0,1,127,19
1600604430.5154119,565940,-960.0,2500,0,0,103,18
1600604437.061152,568474,-290.0,2500,0,1,33,20
1600604443.2559638,570996,-149.99998474121094,2500,0,4,18,18
1600604449.756185,573504,10.000007629394531,2500,0,0,8,16
1600604456.323124,576032,-250.0,2500,0,9,19,22
1600604463.564577,578941,-4000.0,2500,0,1,408,16
1600604470.0770812,581444,30.00000762939453,2500,0,2,1,19
1600604476.405338,583945,80.00000762939453,2500,0,1,0,16
1600604482.581654,586445,-9.999992370605469,2500,0,0,0,26
1600604489.027664,588981,-330.0,2500,0,3,33,22
1600604495.81872,591634,-1530.0,2500,0,3,150,25
1600604501.996198,594140,40.00000762939453,2500,0,2,4,15
1600604508.585514,596682,-380.0,2500,0,2,40,21
1600604515.189919,599288,-940.0,2500,0,1,105,13
1600604521.6978009,601806,-69.99999237060547,2500,0,1,17,14
1600604528.2959008,604309,-39.99999237060547,2500,0,3,0,26
1600604534.5721102,606837,-159.99998474121094,2500,0,10,18,13
1600604541.4864798,609499,-1650.0999755859375,2499,1,0,162,18
1600604548.635791,612308,-3991.0,2490,10,3,306,15
1600604555.186604,614826,-219.99998474121094,2500,0,4,14,29
1600604562.011919,617359,-260.0,2500,0,2,31,18
1600604568.653012,619860,-59.99999237060547,2500,0,1,0,30
1600604575.4642391,622361,-99.99999237060547,2500,0,0,1,34
1600604581.678043,624862,4.850327968597412e-06,2500,0,1,0,24
1600604588.5152571,627573,-2110.10009765625,2500,0,3,208,15
1600604595.040979,630090,-239.99998474121094,2500,0,1,16,32
1600604602.5490031,633030,-4520.2001953125,2500,0,3,437,17
1600604609.6456919,635791,-2520.0,2500,0,2,259,16
1600604616.071785,638359,-620.0,2500,0,3,65,19
1600604622.132111,640860,-130.0,2500,0,1,0,37
1600604629.326893,643585,-2190.0,2500,0,1,224,19
1600604635.9682481,646230,-1470.0,2500,0,2,143,27
1600604642.89603,648932,-2100.10009765625,2500,0,0,202,23
1600604649.326514,651477,-420.0,2500,0,1,44,22
1600604655.848439,654040,-1310.800048828125,2492,8,1,62,13
1600604662.371202,656573,-920.5999755859375,2494,6,2,31,24
1600604669.1599329,659296,-2230.0,2500,0,2,221,25
1600604675.640724,661797,9.045004844665527e-06,2500,0,1,0,24
1600604681.796642,664310,-69.99999237060547,2500,0,3,10,19
1600604690.013088,667399,-5990.10009765625,2500,0,1,588,25
1600604696.238237,669902,-89.99999237060547,2500,0,3,0,31
1600604703.058083,672532,-1330.0,2500,0,3,127,28
1600604709.271256,675035,20.00000762939453,2500,0,3,0,20
1600604715.792404,677543,30.00000762939453,2500,0,0,8,14
1600604721.983907,680045,10.000008583068848,2500,0,1,1,22
1600604728.535831,682550,40.00000762939453,2500,0,2,3,16
1600604734.7431521,685053,-29.99999237060547,2500,0,3,0,25
1600604741.451068,687555,90.00000762939453,2500,0,2,0,14
1600604748.563355,690055,40.00000762939453,2500,0,0,0,21
1600604755.3237,692557,-9.999990463256836,2500,0,2,0,24
1600604762.515776,695078,-220.0,2500,0,0,21,26
1600604769.57507,697579,30.000009536743164,2500,0,1,0,21
1600604776.983385,700080,-9.999992370605469,2500,0,1,0,25
1600604784.114586,702682,-1010.0,2500,0,4,98,24
1600604790.863188,705190,-89.99999237060547,2500,0,3,5,26
1600604797.223723,707693,-19.999990463256836,2500,0,3,0,24
1600604803.786335,710194,20.000009536743164,2500,0,1,0,22
1600604809.997775,712703,-260.0,2500,0,3,6,42
1600604816.655034,715205,20.000009536743164,2500,0,2,0,21
1600604825.3427079,718472,-7990.39990234375,2500,0,0,767,17
1600604831.412878,720972,60.00000762939453,2500,0,0,0,19
1600604837.8778949,723474,20.00000762939453,2500,0,2,0,21
1600604844.053542,725974,-109.99999237060547,2500,0,0,0,36
1600604850.931863,728674,-2030.0999755859375,2500,0,1,199,18
1600604857.879817,731287,-1150.0999755859375,2500,0,10,103,17
1600604864.142952,733791,70.00000762939453,2500,0,1,3,14
1600604872.3186839,736795,-5070.10009765625,2500,0,0,504,18
1600604880.77936,739985,-7150.2998046875,2500,0,2,688,20
1600604889.087389,743182,-6940.0,2500,0,0,697,22
1600604895.98417,745889,-2490.39990234375,2496,4,5,202,27
1600604902.166134,748404,-139.99998474121094,2500,0,5,10,24
1600604908.6618721,750906,60.00000762939453,2500,0,2,0,17
1600604915.881213,753738,-3350.199951171875,2500,0,0,332,8
1600604923.531818,756684,-4560.2001953125,2500,0,0,446,15
1600604930.049132,759226,-310.0,2500,0,2,40,14
1600604936.5382478,761731,-19.999990463256836,2500,0,1,4,22
1600604942.738423,764258,-249.99998474121094,2500,0,1,26,23
1600604949.360496,766836,-1380.699951171875,2493,7,11,67,15
1600604955.93387,769390,-1300.800048828125,2492,8,1,53,21
1600604962.713102,771970,-770.0,2500,0,0,80,22
1600604968.89579,774478,-19.999990463256836,2500,0,1,7,19
1600604975.264224,776992,-89.99999237060547,2500,0,2,12,20
1600604981.2575161,779493,120.00000762939453,2500,0,1,0,12
1600604987.869833,782013,-159.99998474121094,2500,0,4,16,21
1600604994.530818,784515,50.00000762939453,2500,0,1,1,18
1600605004.171338,788126,-11890.900390625,2500,0,5,1106,13
1600605012.823241,791447,-9020.7998046875,2500,0,4,817,26
1600605018.971877,793947,40.00000762939453,2500,0,0,0,21
1600605025.7727308,796453,10.000008583068848,2500,0,2,4,18
1600605033.264479,799157,-2140.199951171875,2500,0,0,204,15
1600605041.8884711,802302,-7020.60009765625,2500,0,1,644,22
1600605049.842339,805107,-3270.300048828125,2500,0,4,301,17
1600605057.05846,807625,-690.5999755859375,2494,6,1,17,16
1600605064.0766459,810133,-690.7000122070312,2493,7,0,8,16
1600605071.811711,812949,-3430.300048828125,2500,0,1,315,22
1600605078.040722,815450,80.00000762939453,2500,0,1,0,16
1600605084.671406,817950,70.00000762939453,2500,0,0,0,18
1600605092.687026,820807,-3640.10009765625,2500,0,1,356,22
1600605099.682503,823310,-9.999990463256836,2500,0,3,0,23
1600605105.9981,825817,-29.99999237060547,2500,0,7,0,21
1600605112.618664,828327,-29.999990463256836,2500,0,2,8,18
1600605118.691607,830837,20.00000762939453,2500,0,3,7,13
1600605124.9577432,833338,30.00000762939453,2500,0,1,0,21
1600605131.321301,835839,9.045004844665527e-06,2500,0,1,0,24
1600605138.6156428,838340,30.00000762939453,2500,0,1,0,21
1600605146.108166,840846,40.00000762939453,2500,0,5,1,15
1600605154.335977,843741,-3880.0,2500,0,2,393,18
1600605162.590196,846495,-2470.0,2500,0,6,248,18
1600605170.183433,849028,-280.0,2500,0,2,31,20
1600605177.356145,851564,-280.0,2500,0,2,34,17
1600605184.9086452,854065,40.00000762939453,2500,0,1,0,20
1600605191.74925,856565,80.00000762939453,2500,0,0,0,17
1600605198.478098,859065,70.00000762939453,2500,0,0,0,18
1600605204.706911,861566,100.00000762939453,2500,0,1,0,14
1600605211.241601,864068,10.000008583068848,2500,0,2,0,22
1600605217.76911,866571,-29.999990463256836,2500,0,3,0,25
1600605223.979083,869082,-59.99999237060547,2500,0,4,7,20
1600605230.445316,871583,-9.999990463256836,2500,0,1,0,25
1600605237.417985,874108,-260.0,2500,0,2,23,26
1600605244.742783,876657,-400.0,2500,0,1,48,16
1600605253.048796,879377,-2330.199951171875,2498,2,2,218,18
1600605260.783224,881979,-1040.0,2500,0,1,101,27
1600605268.667517,884655,-1740.0,2500,0,1,175,23
1600605275.954834,887327,-1700.0,2500,0,0,172,23
1600605285.701073,890642,-8830.7998046875,2500,0,0,815,13
1600605292.380276,893144,30.00000762939453,2500,0,2,0,20
1600605300.674759,896052,-4390.39990234375,2500,0,1,407,16
1600605310.659081,899546,-10400.5,2500,0,3,991,21
1600605317.4637141,902120,-940.0,2500,0,0,74,45
1600605325.159615,905050,-4640.39990234375,2500,0,0,430,19
1600605331.808228,907568,-129.99998474121094,2500,0,1,17,20
1600605338.9937332,910219,-1490.0,2500,0,3,148,23
1600605345.6775281,912728,-29.9999942779541,2500,0,1,8,19
1600605352.997292,915308,-910.0999755859375,2499,1,1,79,26
1600605359.937501,917829,-149.99998474121094,2500,0,0,21,19
1600605366.716034,920333,-300.1000061035156,2499,1,0,4,41
1600605377.073026,924402,-16901.30078125,2497,3,1,1568,16
1600605383.819736,926922,-1020.8999633789062,2491,9,3,17,17
1600605390.345245,929454,-1010.7000122070312,2493,7,0,32,24
1600605396.695133,931954,40.00000762939453,2500,0,0,0,21
1600605403.382596,934458,30.000009536743164,2500,0,1,3,18
1600605410.1885939,936960,30.00000762939453,2500,0,0,2,20
1600605416.646538,939463,-29.999990463256836,2500,0,1,2,25
1600605423.418148,941965,10.000008583068848,2500,0,0,2,22
1600605429.850155,944466,20.000009536743164,2500,0,0,1,22
1600605436.416965,946982,-99.99999237060547,2500,0,3,13,19
1600605443.09567,949514,-160.0,2500,0,0,32,9
1600605449.517657,952035,-149.99998474121094,2500,0,0,21,19
1600605455.982291,954536,80.00000762939453,2500,0,1,0,16
1600605462.053767,957040,10.000007629394531,2500,0,4,0,20
1600605468.320263,959543,-0.09999247640371323,2499,1,1,2,12
1600605474.679519,962075,-640.3999633789062,2496,4,3,29,17
1600605480.658856,964604,-520.2999877929688,2497,3,0,29,18
1600605486.8608031,967145,-710.3999633789062,2496,4,1,40,15
1600605493.068683,969647,20.00000762939453,2500,0,2,0,21
1600605499.318091,972183,-440.0,2500,0,9,27,33
1600605505.4367738,974683,50.00000762939453,2500,0,0,0,20
1600605511.909628,977184,30.0000057220459,2500,0,1,0,21
1600605517.9218318,979684,40.00000762939453,2500,0,0,0,21
1600605524.836292,982443,-2850.300048828125,2497,3,2,257,21
1600605530.687884,984944,40.00000762939453,2500,0,1,0,20
1600605536.944536,987466,-159.99998474121094,2500,0,0,22,19
1600605543.197273,989989,-210.0,2500,0,0,23,23
1600605549.5036979,992619,-1640.4000244140625,2497,3,4,126,19
1600605555.689107,995129,-330.29998779296875,2497,3,0,10,18
1600605561.572653,997631,9.804964065551758e-06,2500,0,2,0,23
1600605567.821858,1000132,100.00000762939453,2500,0,1,0,14
1600605574.038452,1002636,9.045004844665527e-06,2500,0,4,0,21
1600605579.9485471,1005136,8.277595043182373e-06,2500,0,0,0,25
1600605586.1679082,1007636,5.610287189483643e-06,2500,0,0,0,25
1600605592.798053,1010338,-2150.199951171875,2500,0,0,202,18
1600605600.7930748,1013445,-6610.60009765625,2500,0,2,605,19
1600605607.75199,1016251,-3320.300048828125,2500,0,0,306,21
1600605615.505535,1019270,-5670.5,2500,0,4,515,23
1600605621.4946408,1021771,30.000009536743164,2500,0,1,0,21
1600605630.36054,1025199,-10130.900390625,2500,0,4,924,20
1600605639.268482,1028644,-10340.900390625,2500,0,2,943,24
1600605647.491818,1031852,-7640.7001953125,2500,0,0,708,11
1600605653.605182,1034352,70.00000762939453,2500,0,0,0,18
1600605659.930167,1036872,-550.3999633789062,2496,4,2,18,20
1600605666.112208,1039407,-250.0,2500,0,1,34,15
1600605671.947464,1041907,40.00000762939453,2500,0,0,0,21
1600605678.152686,1044412,-9.999991416931152,2500,0,2,3,21
1600605684.358712,1046912,10.000009536743164,2500,0,0,0,24
1600605690.138772,1049414,-79.99999237060547,2500,0,2,0,31
1600605696.214411,1051915,-9.999992370605469,2500,0,1,0,25
1600605702.119763,1054421,-39.99999237060547,2500,0,1,5,23
1600605708.41386,1056972,-440.0,2500,0,1,50,18
1600605716.527879,1060246,-7850.2001953125,2500,0,8,766,16
1600605722.505813,1062749,50.00000762939453,2500,0,3,0,17
1600605728.808772,1065270,-130.0,2500,0,1,20,17
1600605735.056764,1067824,-450.0,2500,0,0,54,16
1600605741.171871,1070355,-600.3999633789062,2496,4,0,31,14
1600605747.2598422,1072888,-640.3999633789062,2496,4,0,33,16
1600605753.854481,1075390,-70.09999084472656,2499,1,1,1,20
1600605760.334809,1077915,-440.29998779296875,2497,3,0,25,14
1600605766.956109,1080664,-2830.39990234375,2498,2,0,249,19
1600605773.391766,1083298,-2311.0,2490,10,3,131,22
1600605780.688388,1086219,-4910.7001953125,2497,3,1,420,25
1600605787.353996,1088936,-2350.199951171875,2500,0,1,216,23
1600605797.19882,1092863,-15691.5,2499,1,1,1426,17
1600605808.7304,1097240,-20531.900390625,2499,1,2,1875,11
1600605814.87442,1099873,-1400.0999755859375,2499,1,0,133,22
1600605821.711227,1102615,-2530.199951171875,2500,0,0,242,16
1600605827.67571,1105132,-700.5999755859375,2494,6,0,17,18
1600605836.9225469,1108674,-11471.099609375,2498,2,2,1040,20
1600605843.227886,1111208,-830.5,2495,5,7,27,24
1600605852.468608,1114934,-13000.7998046875,2498,2,1,1225,19
1600605858.69838,1117446,-80.09999084472656,2499,1,0,12,11
1600605864.543069,1119979,-420.0999755859375,2499,1,1,32,24
1600605871.679162,1122788,-3320.300048828125,2500,0,3,306,18
1600605878.98473,1125696,-4500.5,2499,1,4,404,17
1600605885.119424,1128213,-320.1999816894531,2498,2,1,16,20
1600605891.778979,1130941,-2750.5,2497,3,2,226,22
1600605898.354572,1133625,-1830.0,2500,0,0,184,24
1600605904.613246,1136128,-59.9999885559082,2500,0,3,0,28
1600605914.7976341,1140317,-18371.5,2500,0,2,1687,23
1600605924.361044,1143977,-12531.0,2500,0,2,1158,18
1600605930.185036,1146481,-19.999990463256836,2500,0,1,3,23
1600605936.355733,1148986,-470.3999938964844,2496,4,3,2,27
1600605943.04284,1151695,-2300.300048828125,2499,1,1,208,16
1600605949.6821918,1154330,-1360.0,2500,0,0,135,26
1600605955.985269,1156877,-500.0,2500,0,10,37,28
1600605962.6014872,1159608,-2470.199951171875,2500,0,1,230,21
1600605968.545463,1162108,80.00000762939453,2500,0,0,0,17
1600605976.2544909,1165221,-6300.2001953125,2500,0,0,613,22
1600605982.21365,1167721,80.00000762939453,2500,0,0,0,17
1600605988.470071,1170231,30.00000762939453,2500,0,0,10,12
1600605994.571121,1172752,-380.1999816894531,2498,2,0,21,22
1600606001.934643,1175762,-5400.39990234375,2500,0,1,509,15
1600606008.05702,1178328,-750.2000122070312,2498,2,2,64,14
1600606015.081276,1181280,-4610.2001953125,2500,0,0,452,14
1600606021.328254,1183819,-400.0,2500,0,2,37,26
1600606027.5718322,1186409,-840.0,2500,0,3,87,19
1600606034.111997,1189028,-1400.199951171875,2499,1,18,101,26
1600606052.109762,1196154,-49523.3984375,2493,7,0,4626,11
1600606058.5709069,1198758,-1060.0999755859375,2500,0,0,104,17
1600606064.441619,1201270,-20.099994659423828,2499,1,2,10,5
1600606070.680937,1203770,90.00000762939453,2500,0,0,0,16
1600606077.171487,1206374,-980.0999755859375,2500,0,0,104,9
1600606083.454019,1208878,90.00000762939453,2500,0,4,0,12
1600606089.3944461,1211380,80.00000762939453,2500,0,2,0,15
1600606099.237293,1215331,-15431.0,2500,0,4,1447,17
1600606105.508686,1217838,-9.999991416931152,2500,0,3,4,19
1600606111.489069,1220343,90.00000762939453,2500,0,4,1,11
1600606117.67385,1222877,-1301.199951171875,2488,12,5,29,1
1600606123.693878,1225400,-19.9999942779541,2500,0,3,20,4
1600606129.922921,1227935,-240.09999084472656,2499,1,3,32,4
1600606135.8375869,1230455,-170.1999969482422,2498,2,2,18,2
1600606142.356063,1233059,-2111.300048828125,2487,13,4,100,2
1600606149.922827,1236218,-6890.5,2500,0,3,656,5
1600606156.189885,1238743,-540.5,2495,5,2,23,4
1600606162.17655,1241246,140.0,2500,0,3,0,8
1600606168.3353658,1243877,-1490.4000244140625,2496,4,2,129,3
1600606174.46387,1246435,-540.2000122070312,2498,2,1,57,1
1600606180.8180008,1249027,-910.0999755859375,2499,1,0,92,14
1600606186.7858508,1251583,-510.0,2500,0,2,54,20
1600606192.921644,1254097,50.00000762939453,2500,0,2,12,6
1600606199.2686741,1256608,-750.7999877929688,2492,8,0,11,9
1600606205.533953,1259165,-500.1000061035156,2499,1,0,57,8
1600606211.446473,1261686,20.000003814697266,2500,0,0,21,2
1600606217.509055,1264217,-310.1999816894531,2498,2,2,29,5
1600606223.73505,1266747,-480.3999938964844,2496,4,1,29,3
1600606229.957962,1269311,-900.5,2495,5,2,62,1
1600606236.2526789,1271813,-170.39999389648438,2496,4,0,2,0
1600606242.592614,1274381,-670.2000122070312,2498,2,0,68,4
1600606248.976649,1276940,-710.2999877929688,2497,3,1,58,7
1600606255.5043478,1279736,-2870.10009765625,2499,1,1,295,6
1600606261.77927,1282297,-520.0999755859375,2499,1,0,61,6
1600606268.178905,1284890,-680.0,2500,0,0,93,0
1600606274.338291,1287452,-890.5,2495,5,11,51,2
1600606280.5347998,1289996,-250.0,2500,0,1,43,6
1600606286.375028,1292496,230.0,2500,0,0,0,2
1600606292.396096,1295025,-79.99999237060547,2500,0,12,17,4
1600606298.617377,1297545,-9.999994277954102,2500,0,0,20,6
1600606306.0528462,1300633,-5680.0,2500,0,3,585,5
1600606312.2094238,1303171,-140.0,2500,0,6,32,1
1600606318.128535,1305678,150.0,2500,0,1,6,3
1600606324.369148,1308210,-70.0,2500,0,1,31,0
1600606330.4752672,1310734,10.000003814697266,2500,0,1,23,0
1600606336.2646651,1313236,230.0,2500,0,2,0,0
1600606342.5305011,1315756,50.000003814697266,2500,0,2,18,0
1600606348.470804,1318264,-30.199996948242188,2498,2,0,8,0
1600606354.777128,1320794,-370.29998779296875,2497,3,2,28,2
1600606360.916699,1323334,-550.4000244140625,2496,4,2,38,0
1600606367.0262861,1325834,149.90000915527344,2499,1,0,0,0
1600606372.98288,1328349,-0.09999627619981766,2499,1,1,14,0
1600606379.159919,1330876,-120.0999984741211,2499,1,1,26,0
1600606385.2561028,1333409,-80.0,2500,0,1,32,0
1600606391.4972858,1335964,-300.0,2500,0,0,55,0
1600606397.342516,1338479,70.00000762939453,2500,0,4,11,3
1600606403.721781,1341145,-1450.0,2500,0,1,165,4
1600606410.5487869,1343937,-2690.0,2500,0,1,291,2
1600606417.5004318,1346877,-4160.0,2500,0,0,440,1
1600606425.323436,1350241,-8790.2998046875,2500,0,2,862,10
1600606434.9277902,1354174,-14750.599609375,2500,0,4,1429,7
1600606442.764729,1357402,-7170.10009765625,2500,0,2,726,4
1600606448.951821,1359903,210.0,2500,0,1,0,3
1600606454.760014,1362404,200.0,2500,0,1,0,4
1600606460.8887339,1364906,190.0,2500,0,2,0,4
1600606466.824497,1367406,170.0,2500,0,0,0,8
1600606473.0997708,1369907,150.0,2500,0,1,0,9
1600606479.065793,1372407,220.0,2500,0,0,0,3
1600606485.230228,1374908,100.00000762939453,2500,0,1,0,14
1600606491.4749079,1377409,150.0,2500,0,1,0,9
1600606497.458155,1379910,230.0,2500,0,1,0,1
1600606503.67447,1382410,200.0,2500,0,0,0,5
1600606509.5124018,1384910,230.0,2500,0,0,0,2
1600606515.770689,1387412,230.0,2500,0,2,0,0
1600606521.656651,1389913,130.0,2500,0,1,0,11
1600606527.7712471,1392418,39.90000534057617,2499,1,0,5,6
1600606533.539396,1394922,60.00000762939453,2500,0,3,1,15
1600606539.8677309,1397422,170.0,2500,0,0,0,8
1600606545.892908,1399923,160.0,2500,0,1,0,8
1600606552.150975,1402432,-140.09999084472656,2499,1,1,8,20
1600606558.407138,1404934,60.00000762939453,2500,0,2,0,17
1600606564.30421,1407435,190.0,2500,0,1,0,5
1600606570.390825,1409935,100.00000762939453,2500,0,0,0,15
1600606576.159173,1412438,7.525086402893066e-06,2500,0,2,1,22
1600606582.299208,1414960,-59.99999237060547,2500,0,3,19,9
1600606588.1492229,1417470,20.0000057220459,2500,0,8,2,13
1600606594.4036748,1419977,50.00000762939453,2500,0,5,2,13
1600606600.560808,1422531,-530.2000122070312,2498,2,4,50,4
1600606606.640508,1425072,-620.2999877929688,2497,3,0,41,16
1600606612.525957,1427578,-30.099992752075195,2499,1,1,5,12
1600606618.801066,1430103,-150.09999084472656,2499,1,3,22,5
1600606625.056223,1432603,-180.39999389648438,2496,4,0,0,3
1600606630.837472,1435111,20.00000762939453,2500,0,1,7,15
1600606636.9977999,1437611,160.0,2500,0,0,0,9
1600606642.87991,1440115,9.900006294250488,2499,1,3,1,10
1600606649.0517938,1442615,180.0,2500,0,0,0,7
1600606654.8230789,1445116,-10.199994087219238,2498,2,1,0,5
1600606660.912554,1447617,210.0,2500,0,1,0,3
1600606667.122599,1450125,150.0,2500,0,3,5,2
1600606673.665966,1452628,160.0,2500,0,3,0,6
1600606680.313092,1455141,90.00000762939453,2500,0,0,13,3
1600606686.6368608,1457642,140.0,2500,0,1,0,10
1600606693.140084,1460144,150.0,2500,0,2,0,8
1600606699.215467,1462646,180.0,2500,0,2,0,5
1600606706.043037,1465235,-770.0999755859375,2499,1,3,86,3
1600606712.25875,1467750,60.000003814697266,2500,0,1,14,4
1600606718.770931,1470259,-100.19999694824219,2498,2,1,8,6
1600606724.94977,1472767,40.00000762939453,2500,0,3,5,13
1600606731.465367,1475318,-520.2000122070312,2498,2,1,50,6
1600606738.62505,1478065,-2650.39990234375,2496,4,10,237,3
1600606745.118725,1480625,-550.0,2500,0,3,57,20
1600606751.2410848,1483126,170.0,2500,0,0,1,7
1600606759.06081,1486090,-4740.2998046875,2500,0,1,463,5
1600606765.910042,1488874,-2710.10009765625,2500,0,3,281,2
1600606772.370185,1491375,200.0,2500,0,1,0,4
1600606778.5010052,1493878,190.0,2500,0,1,2,3
1600606784.98417,1496378,210.0,2500,0,0,0,4
1600606792.165609,1499221,-3510.300048828125,2500,0,0,343,3
1600606798.650484,1501760,-490.29998779296875,2497,3,4,35,5
1600606805.236502,1504273,-320.3999938964844,2496,4,1,12,4
1600606811.434962,1506780,120.00000762939453,2500,0,1,6,6
1600606818.235631,1509397,-1740.800048828125,2493,7,0,117,2
1600606826.058641,1512487,-6170.5,2500,0,0,590,2
1600606832.204851,1514990,170.0,2500,0,0,3,5
1600606838.692585,1517490,230.0,2500,0,0,0,2
1600606844.9343958,1519990,220.0,2500,0,0,0,3
1600606851.6414762,1522490,180.0,2500,0,0,0,7
1600606859.8872461,1525656,-7030.60009765625,2500,0,6,660,2
1600606866.431781,1528258,-990.0999755859375,2500,0,1,101,12
1600606872.931011,1530759,180.0,2500,0,1,0,6
1600606879.087046,1533261,200.0,2500,0,2,0,3
1600606891.043062,1538046,-24171.5,2500,0,69,2216,7
1600606897.508058,1540550,50.00000762939453,2500,0,4,0,16
1600606903.997261,1543051,70.00000762939453,2500,0,1,0,17
1600606910.1597152,1545591,-260.0,2500,0,2,38,11
1600606916.62689,1548091,-19.9999942779541,2500,0,0,0,27
1600606922.895631,1550591,180.0,2500,0,0,0,7
1600606929.46523,1553093,160.0,2500,0,2,0,7
1600606935.940741,1555600,130.0,2500,0,7,0,5
1600606942.056104,1558100,100.00000762939453,2500,0,0,0,15
1600606948.603199,1560602,110.00000762939453,2500,0,2,0,12
1600606954.949656,1563123,-89.99999237060547,2500,0,2,19,13
1600606961.639641,1565623,210.0,2500,0,0,0,4
1600606968.878968,1568427,-2910.10009765625,2500,0,0,304,2
1600606975.0500429,1570927,90.00000762939453,2500,0,0,0,16
1600606981.525751,1573428,170.0,2500,0,1,0,7
1600606987.7356858,1575932,90.00000762939453,2500,0,4,0,12
1600606994.21853,1578432,200.0,2500,0,0,0,5
1600607000.7059681,1580932,160.0,2500,0,0,0,9
1600607007.1893902,1583533,-920.0999755859375,2500,0,0,101,6
1600607013.299617,1586034,140.0,2500,0,1,0,10
1600607019.6957471,1588577,-410.0,2500,0,0,43,23
1600607026.094696,1591079,210.0,2500,0,2,0,2
1600607032.319285,1593580,-120.19998931884766,2498,2,1,0,16
1600607038.9969542,1596083,180.0,2500,0,3,0,4
1600607045.335348,1598583,180.0,2500,0,0,0,7
1600607051.9488351,1601093,40.00000762939453,2500,0,1,9,11
1600607060.0791192,1604232,-6240.0,2500,0,0,639,10
1600607066.1187909,1606734,160.0,2500,0,2,0,7
1600607072.579862,1609235,160.0,2500,0,1,0,8
1600607078.716566,1611737,200.0,2500,0,2,0,3
1600607085.150126,1614237,100.00000762939453,2500,0,0,0,15
1600607091.611809,1616858,-1110.0999755859375,2500,0,2,119,5
1600607098.129457,1619448,-690.0,2500,0,2,88,4
1600607104.727435,1621955,150.0,2500,0,1,6,3
1600607111.361376,1624472,-50.09999465942383,2499,1,0,17,3
1600607120.6815271,1628100,-12131.099609375,2500,0,8,1120,0
1600607127.015182,1630601,200.0,2500,0,1,0,4
1600607133.4727979,1633174,-660.0999755859375,2499,1,9,64,8
1600607139.670627,1635683,19.900005340576172,2499,1,2,7,4
1600607147.177289,1638605,-4530.5,2499,1,4,418,6
1600607153.616441,1641114,110.00000762939453,2500,0,0,9,5
1600607160.417404,1643870,-2410.10009765625,2500,0,0,256,0
1600607166.908554,1646370,230.0,2500,0,0,0,2
1600607173.944732,1649137,-2570.10009765625,2500,0,5,262,5
1600607180.4166589,1651637,200.0,2500,0,0,0,5
1600607186.943514,1654149,100.00000762939453,2500,0,1,11,3
1600607193.2486641,1656678,-49.999996185302734,2500,0,0,29,1
1600607199.861566,1659195,70.00000762939453,2500,0,2,15,1
1600607206.3320692,1661704,160.0,2500,0,0,9,0
1600607212.494593,1664204,240.0,2500,0,0,0,1
1600607219.0084622,1666713,160.0,2500,0,1,8,0
1600607225.547103,1669261,-230.0,2500,0,4,44,0
1600607231.8480058,1671770,160.0,2500,0,2,7,0
1600607238.4006872,1674271,240.0,2500,0,1,0,0
1600607244.574951,1676780,160.0,2500,0,7,2,0
1600607251.371072,1679392,-870.0,2500,0,0,112,0
1600607257.363727,1681898,190.0,2500,0,0,6,0
1600607263.8390121,1684414,-110.19999694824219,2498,2,3,13,0
1600607270.3766441,1686915,-160.39999389648438,2496,4,0,1,0
1600607277.4098911,1689613,-2030.300048828125,2498,2,2,196,0
1600607283.924661,1692194,-700.0999755859375,2499,1,6,75,4
1600607290.438237,1694728,-390.29998779296875,2497,3,1,33,0
1600607296.593377,1697240,130.0,2500,0,2,10,0
1600607303.069731,1699780,-150.0,2500,0,2,38,0
1600607309.7162921,1702284,210.0,2500,0,2,2,0
1600607316.3235168,1704866,-570.0,2500,0,2,80,0
1600607322.515907,1707374,170.0,2500,0,0,8,0
1600607329.2710578,1709954,-550.0,2500,0,0,80,0
1600607335.433541,1712455,240.0,2500,0,1,0,0
1600607341.895974,1714956,230.0,2500,0,1,0,1
1600607348.05206,1717456,250.0,2500,0,0,0,0
1600607354.7175932,1719959,200.0,2500,0,0,3,2
1600607360.8776908,1722494,-160.0,2500,0,1,34,6
1600607367.3733492,1725005,110.00000762939453,2500,0,0,11,3
1600607373.6690402,1727505,250.0,2500,0,0,0,0
1600607379.8119848,1730005,220.0,2500,0,0,0,3
1600607386.2567081,1732532,-69.99999237060547,2500,0,0,27,5
1600607392.191742,1735032,220.0,2500,0,0,0,3
1600607398.7672992,1737545,80.00000762939453,2500,0,1,12,4
1600607406.671917,1740598,-5400.10009765625,2500,0,0,553,2
1600607413.2161548,1743109,120.00000762939453,2500,0,0,11,2
1600607419.638361,1745726,-1000.0,2500,0,0,117,8
1600607427.148187,1748646,-4490.5,2496,4,3,417,4
1600607433.498326,1751148,220.0,2500,0,1,1,1
1600607440.1547031,1753657,160.0,2500,0,1,8,0
1600607446.6135612,1756172,100.0,2500,0,0,15,0
1600607452.766448,1758690,60.000003814697266,2500,0,1,17,1
1600607459.2265851,1761208,70.0,2500,0,0,18,0
1600607465.498234,1763708,250.0,2500,0,0,0,0
1600607472.1547468,1766219,130.0,2500,0,9,2,1
1600607480.960413,1769607,-9030.400390625,2500,0,0,888,0
1600607487.670354,1772383,-2510.0,2500,0,0,276,0
1600607493.991392,1774889,190.0,2500,0,2,4,0
1600607500.1516109,1777391,230.0,2500,0,0,2,0
1600607506.631474,1779918,-29.999996185302734,2500,0,21,6,1
1600607515.261006,1783481,-11180.7998046875,2500,0,6,1057,0
1600607521.871916,1785992,-160.3000030517578,2497,3,2,9,0
1600607528.403053,1788584,-870.2000122070312,2498,2,4,88,0
1600607534.977155,1791172,-1030.4000244140625,2496,4,9,79,0
1600607542.143198,1793683,-360.5,2495,5,1,10,0
1600607549.2038589,1796285,-2071.300048828125,2487,13,0,102,0
1600607556.295968,1798819,-90.0,2500,0,0,34,0
1600607563.1078532,1801353,-390.29998779296875,2497,3,0,34,0
1600607569.413606,1803919,-1010.5999755859375,2494,6,1,65,0
1600607575.504286,1806463,-420.1999816894531,2498,2,0,44,3
1600607582.165605,1808997,-210.09999084472656,2499,1,1,33,2
1600607589.202861,1811586,-1070.4000244140625,2496,4,40,49,3
1600607596.2501812,1814285,-1840.0999755859375,2500,0,0,199,0
1600607602.625634,1816800,60.000003814697266,2500,0,8,7,4
1600607609.573267,1819430,-1050.0,2500,0,2,128,0
1600607615.852724,1821931,240.0,2500,0,1,0,0
1600607622.58095,1824437,190.0,2500,0,2,4,0
1600607629.247231,1826972,-109.99999237060547,2500,0,1,34,1
1600607635.622874,1829496,10.000003814697266,2500,0,2,22,0
1600607642.0156171,1831999,220.0,2500,0,0,3,0
1600607648.281706,1834502,220.0,2500,0,1,2,0
1600607654.207841,1837006,210.0,2500,0,1,3,0
1600607660.662695,1839540,-90.0,2500,0,2,32,0
1600607666.694299,1842040,250.0,2500,0,0,0,0
1600607674.4513001,1844868,-3240.199951171875,2500,0,0,328,1
1600607681.0053198,1847445,-520.0,2500,0,6,71,0
1600607686.866225,1849978,-80.0,2500,0,1,32,0
1600607693.349796,1852508,-59.999996185302734,2500,0,2,28,1
1600607700.1027288,1855021,120.0,2500,0,1,12,0
1600607706.9839659,1857522,200.0,2500,0,1,0,4
1600607714.550119,1860170,-1230.0,2500,0,0,148,0
1600607721.904362,1862692,20.000003814697266,2500,0,0,22,1
1600607728.300523,1865196,210.0,2500,0,0,4,0
1600607735.24107,1867796,-750.0,2500,0,1,99,0
1600607741.4498718,1870301,180.0,2500,0,0,5,2
1600607748.1712341,1872814,120.0,2500,0,2,11,0
1600607756.978775,1876243,-9840.7998046875,2500,0,1,928,0
1600607764.363393,1879076,-3280.199951171875,2500,0,0,333,0
1600607770.6001542,1881577,210.0,2500,0,1,0,3
1600607777.264643,1884077,250.0,2500,0,0,0,0
1600607783.4268968,1886577,210.0,2500,0,0,0,4
1600607789.75905,1889084,90.00000762939453,2500,0,7,0,9
1600607796.301001,1891586,210.0,2500,0,2,0,2
1600607802.591692,1894086,240.0,2500,0,0,0,1
1600607809.291476,1896591,180.0,2500,0,4,1,2
1600607815.794144,1899095,190.0,2500,0,4,0,2
1600607822.56072,1901595,240.0,2500,0,0,0,1
1600607829.203945,1904171,-510.0,2500,0,0,76,0
1600607835.511919,1906686,100.0,2500,0,3,12,0
1600607842.060225,1909186,210.0,2500,0,0,0,4
1600607848.7180831,1911688,220.0,2500,0,2,0,1
1600607855.455979,1914304,-1010.0999755859375,2500,0,1,115,0
1600607862.1642072,1916806,230.0,2500,0,2,0,0
1600607868.467508,1919309,200.0,2500,0,3,0,2
1600607875.146173,1921810,230.0,2500,0,1,0,1
1600607886.161669,1925981,-17360.900390625,2500,0,1671,0,0
1600607892.946103,1928481,250.0,2500,0,0,0,0
1600607899.344338,1931027,-210.0,2500,0,2,44,0
1600607905.2652109,1933529,220.0,2500,0,2,0,1
1600607911.461117,1936030,230.0,2500,0,1,0,1
1600607917.249645,1938540,-50.19999694824219,2498,2,8,2,0
1600607923.404408,1941074,-190.09999084472656,2499,1,3,31,0
1600607929.4203122,1943577,89.9000015258789,2499,1,1,2,3
1600607935.386474,1946080,119.9000015258789,2499,1,2,1,0
1600607942.6495209,1948971,-4160.5,2498,2,3,388,0
1600607948.4642801,1951472,230.0,2500,0,1,0,1
1600607954.56714,1953972,250.0,2500,0,0,0,0
1600607960.5696099,1956472,250.0,2500,0,0,0,0
1600607966.819952,1958983,140.0,2500,0,1,10,0
1600607972.977473,1961484,240.0,2500,0,1,0,0
1600607979.2787929,1964097,-1780.9000244140625,2492,8,1,112,0
1600607987.936536,1967537,-12153.0,2478,22,47,893,0
1600607995.320677,1970441,-4590.7998046875,2496,4,0,404,0
1600608002.6140249,1973394,-4600.2998046875,2499,1,0,453,2
1600608008.478535,1975894,250.0,2500,0,0,0,0
1600608014.600168,1978396,230.0,2500,0,2,0,0
1600608020.478922,1980902,190.0,2500,0,0,6,0
1600608026.7337432,1983451,-240.0,2500,0,0,49,0
1600608033.033375,1985958,180.0,2500,0,1,6,0
1600608039.019697,1988460,129.90000915527344,2499,1,1,1,0
1600608045.196259,1990960,220.0,2500,0,0,0,3
1600608051.083829,1993460,250.0,2500,0,0,0,0
1600608057.210308,1995962,230.0,2500,0,0,2,0
1600608062.99341,1998463,240.0,2500,0,1,0,0
1600608069.186153,2000963,250.0,2500,0,0,0,0
1600608075.4387672,2003472,160.0,2500,0,0,9,0
1600608081.401139,2005973,220.0,2500,0,1,0,2
1600608087.666539,2008473,250.0,2500,0,0,0,0
1600608093.447686,2010977,210.0,2500,0,4,0,0
1600608099.494171,2013478,240.0,2500,0,1,0,0
1600608106.089183,2016178,-2150.39990234375,2498,2,0,200,0
1600608112.243884,2018778,-950.2000122070312,2499,1,0,100,0
1600608118.4276228,2021283,200.0,2500,0,0,5,0
1600608124.357815,2023798,100.0,2500,0,0,15,0
1600608130.517319,2026298,250.0,2500,0,0,0,0
1600608136.700219,2028804,190.0,2500,0,0,6,0
1600608142.673015,2031305,240.0,2500,0,0,1,0
1600608148.9252381,2033876,-460.0,2500,0,7,64,0
1600608155.19028,2036384,59.90000534057617,2499,1,1,7,1
1600608161.797717,2039099,-2700.800048828125,2494,6,2,213,0
1600608168.430259,2041815,-2110.199951171875,2500,0,2,214,0
1600608175.292638,2044555,-2350.199951171875,2500,0,1,239,0
1600608182.2014332,2047362,-3120.300048828125,2500,0,2,305,0
1600608187.983287,2049864,220.0,2500,0,2,0,1
1600608194.247555,2052365,240.0,2500,0,1,0,0
1600608200.192796,2054873,170.0,2500,0,0,8,0
1600608206.451207,2057376,210.0,2500,0,3,0,1
1600608212.423467,2059884,170.0,2500,0,7,1,0
1600608218.715371,2062388,210.0,2500,0,4,0,0
1600608224.5722098,2064888,250.0,2500,0,0,0,0
1600608230.713255,2067389,240.0,2500,0,1,0,0
1600608237.009842,2069889,230.0,2500,0,0,0,2
1600608242.899792,2072390,240.0,2500,0,1,0,0
1600608249.0090082,2074891,180.0,2500,0,1,0,6
1600608254.822568,2077403,130.0,2500,0,9,3,0
1600608261.083478,2079941,-140.0,2500,0,38,0,1
1600608267.328993,2082443,230.0,2500,0,1,1,0
1600608273.2878,2084944,240.0,2500,0,0,1,0
1600608279.5917141,2087446,230.0,2500,0,0,2,0
1600608286.137006,2090200,-2290.0,2500,0,0,254,0
1600608292.9367921,2093006,-3010.199951171875,2500,0,1,305,0
1600608299.079444,2095519,120.0,2500,0,0,13,0
1600608304.909934,2098024,200.0,2500,0,4,1,0
1600608311.080068,2100529,200.0,2500,0,3,2,0
1600608317.351666,2103040,140.0,2500,0,1,10,0
1600608323.346838,2105540,250.0,2500,0,0,0,0
1600608334.0342112,2109919,-19741.19921875,2500,0,1879,0,0
1600608340.301435,2112420,240.0,2500,0,0,1,0
1600608346.130377,2114922,230.0,2500,0,2,0,0
1600608352.261172,2117426,210.0,2500,0,4,0,0
1600608358.253119,2119927,240.0,2500,0,0,1,0
1600608364.513459,2122428,240.0,2500,0,0,1,0
1600608370.616904,2124931,220.0,2500,0,1,2,0
1600608376.541364,2127431,250.0,2500,0,0,0,0
1600608382.898622,2129934,220.0,2500,0,3,0,0
1600608388.957409,2132435,240.0,2500,0,1,0,0
1600608395.1881769,2134936,240.0,2500,0,1,0,0
1600608401.032095,2137436,250.0,2500,0,0,0,0
1600608407.13944,2139936,250.0,2500,0,0,0,0
1600608413.124518,2142436,250.0,2500,0,0,0,0
1600608419.260443,2144937,240.0,2500,0,1,0,0
1600608425.351732,2147535,-730.0,2500,0,98,0,0
1600608431.56277,2150035,250.0,2500,0,0,0,0
1600608437.520208,2152535,250.0,2500,0,0,0,0
1600608443.79519,2155040,180.0,2500,0,5,0,2
1600608449.656055,2157549,160.0,2500,0,0,9,0
1600608455.8736892,2160051,220.0,2500,0,1,1,1
1600608462.172207,2162600,-240.0,2500,0,17,32,0
1600608467.985168,2165102,230.0,2500,0,0,2,0
1600608474.528095,2167763,-1460.0999755859375,2499,1,0,161,0
1600608480.745722,2170272,-40.19999694824219,2498,2,9,0,0
1600608486.619617,2172772,240.0,2500,0,0,0,1
1600608492.861452,2175274,210.0,2500,0,2,0,2
1600608498.8861928,2177774,240.0,2500,0,0,0,1
1600608505.2723389,2180274,250.0,2500,0,0,0,0
1600608511.2873778,2182774,250.0,2500,0,0,0,0
1600608517.512939,2185274,250.0,2500,0,0,0,0
1600608523.653125,2187821,-220.0,2500,0,1,46,0
1600608529.5625558,2190327,190.0,2500,0,3,3,0
1600608536.079896,2192931,-800.0,2500,0,102,2,1
1600608541.898038,2195433,230.0,2500,0,2,0,0
1600608548.021367,2197933,240.0,2500,0,0,0,1
1600608553.9128242,2200433,250.0,2500,0,0,0,0
1600608560.496748,2203034,-860.0999755859375,2500,0,0,101,0
1600608566.473197,2205539,200.0,2500,0,2,3,0
1600608573.293791,2208371,-3170.10009765625,2500,0,332,0,0
1600608579.435026,2210880,160.0,2500,0,2,7,0
1600608585.6549819,2213380,250.0,2500,0,0,0,0
1600608591.617706,2215885,200.0,2500,0,2,3,0
1600608597.881144,2218385,250.0,2500,0,0,0,0
1600608603.748194,2220886,240.0,2500,0,1,0,0
1600608610.038864,2223386,250.0,2500,0,0,0,0
1600608615.853964,2225886,250.0,2500,0,0,0,0
1600608622.1764202,2228386,250.0,2500,0,0,0,0
1600608628.3701482,2230886,250.0,2500,0,0,0,0
1600608634.72867,2233390,210.0,2500,0,4,0,0
1600608640.6181262,2235892,230.0,2500,0,2,0,0
1600608646.751765,2238395,220.0,2500,0,3,0,0
1600608653.172742,2241034,-1340.199951171875,2498,2,1,138,0
1600608659.008363,2243547,120.0,2500,0,13,0,0
1600608665.148353,2246047,250.0,2500,0,0,0,0
1600608671.763573,2248772,-2200.199951171875,2500,0,1,224,0
1600608677.939947,2251275,220.0,2500,0,1,2,0
1600608683.8133109,2253780,200.0,2500,0,0,5,0
1600608690.123926,2256342,-370.0,2500,0,0,62,0
1600608696.329994,2258857,100.0,2500,0,0,15,0
1600608702.260944,2261359,230.0,2500,0,2,0,0
1600608709.143383,2264154,-2900.199951171875,2500,0,295,0,0
1600608715.277015,2266656,230.0,2500,0,2,0,0
1600608721.069931,2269158,230.0,2500,0,2,0,0
1600608727.187233,2271659,240.0,2500,0,1,0,0
1600608733.7103,2274368,-1940.0999755859375,2500,0,209,0,0
1600608740.096639,2276870,230.0,2500,0,2,0,0
1600608746.234632,2279370,250.0,2500,0,0,0,0
1600608752.711493,2281878,170.0,2500,0,4,4,0
1600608758.666324,2284382,210.0,2500,0,4,0,0
1600608764.848098,2286882,250.0,2500,0,0,0,0
1600608770.588459,2289388,190.0,2500,0,6,0,0
1600608776.8329449,2291888,250.0,2500,0,0,0,0
1600608782.6078908,2294389,230.0,2500,0,1,0,1
1600608788.723018,2296889,250.0,2500,0,0,0,0
1600608794.976713,2299398,160.0,2500,0,9,0,0
1600608800.8581471,2301903,200.0,2500,0,1,4,0
1600608807.16516,2304405,230.0,2500,0,2,0,0
1600608813.955769,2307287,-3870.300048828125,2500,0,1,381,0
1600608820.15727,2309842,-300.0,2500,0,0,55,0
1600608826.391392,2312342,250.0,2500,0,0,0,0
1600608832.236215,2314842,250.0,2500,0,0,0,0
1600608838.5035038,2317342,250.0,2500,0,0,0,0
1600608844.431543,2319843,240.0,2500,0,1,0,0
1600608850.567067,2322344,240.0,2500,0,1,0,0
1600608856.561066,2324845,230.0,2500,0,1,0,1
1600608862.891528,2327345,250.0,2500,0,0,0,0
1600608868.9459221,2329847,230.0,2500,0,2,0,0
1600608875.306607,2332347,250.0,2500,0,0,0,0
1600608881.5090802,2334851,210.0,2500,0,1,3,0
1600608887.3372009,2337376,3.725290298461914e-06,2500,0,2,23,0
1600608893.616435,2339877,240.0,2500,0,1,0,0
1600608900.209434,2342585,-2030.199951171875,2500,0,1,207,0
1600608906.3622131,2345092,79.9000015258789,2499,1,0,7,0
1600608912.667477,2347700,-830.0,2500,0,2,106,0
1600608918.844648,2350223,-280.29998779296875,2497,3,8,15,0
1600608924.8134131,2352748,-500.5,2495,5,0,25,0
1600608931.110806,2355263,-100.19999694824219,2498,2,1,14,0
1600608937.335528,2357789,-110.0999984741211,2499,1,4,22,0
1600608943.158138,2360291,230.0,2500,0,1,1,0
1600608949.4452858,2362791,250.0,2500,0,0,0,0
1600608955.4128919,2365292,240.0,2500,0,0,1,0
1600608961.6374242,2367793,240.0,2500,0,1,0,0
1600608968.162231,2370496,-1980.199951171875,2500,0,0,203,0
1600608974.3474402,2372998,230.0,2500,0,1,1,0
1600608981.451791,2375854,-3610.300048828125,2500,0,2,354,0
1600608988.179646,2378565,-2460.60009765625,2496,4,1,210,0
1600608995.182531,2381353,-3200.5,2496,4,2,286,7
1600609001.14767,2383871,70.0,2500,0,2,16,0
1600609007.2002401,2386371,250.0,2500,0,0,0,0
1600609013.427809,2388871,250.0,2500,0,0,0,0
1600609019.345131,2391381,150.0,2500,0,1,9,0
1600609025.493556,2393882,240.0,2500,0,1,0,0
1600609031.346158,2396404,30.000003814697266,2500,0,1,21,0
1600609037.611357,2398905,240.0,2500,0,1,0,0
1600609043.96925,2401501,-710.0,2500,0,1,95,0
1600609050.327028,2404010,160.0,2500,0,0,9,0
1600609060.073594,2407825,-14211.2998046875,2500,0,0,1315,1
1600609066.0130272,2410325,250.0,2500,0,0,0,0
1600609072.319217,2412833,170.0,2500,0,3,5,0
1600609078.308009,2415338,200.0,2500,0,0,5,0
1600609084.4054499,2417839,240.0,2500,0,1,0,0
1600609090.254844,2420339,250.0,2500,0,0,0,0
1600609096.876989,2422839,250.0,2500,0,0,0,0
1600609103.375704,2425339,250.0,2500,0,0,0,0
1600609110.290524,2427840,240.0,2500,0,1,0,0
1600609117.1173499,2430342,230.0,2500,0,0,2,0
1600609123.285428,2432843,240.0,2500,0,1,0,0
1600609129.7447622,2435388,-200.0,2500,0,0,45,0
1600609136.5140622,2438096,-2030.199951171875,2500,0,1,207,0
1600609144.607253,2441262,-6910.5,2500,0,666,0,0
1600609150.8161962,2443763,240.0,2500,0,0,1,0
1600609157.344506,2446263,250.0,2500,0,0,0,0
1600609163.4750972,2448763,250.0,2500,0,0,0,0
1600609170.087678,2451263,250.0,2500,0,0,0,0
1600609176.640812,2453763,250.0,2500,0,0,0,0
1600609183.061758,2456369,-810.0,2500,0,1,105,0
1600609189.087501,2458870,240.0,2500,0,1,0,0
1600609195.558372,2461371,230.0,2500,0,1,0,1
1600609201.794949,2463871,250.0,2500,0,0,0,0
1600609208.494282,2466371,250.0,2500,0,0,0,0
1600609215.193074,2468871,250.0,2500,0,0,0,0
1600609221.7500281,2471429,-330.0,2500,0,5,53,0
1600609228.1694632,2473929,250.0,2500,0,0,0,0
1600609235.864326,2476441,130.0,2500,0,1,11,0
1600609242.413097,2478943,230.0,2500,0,1,1,0
1600609249.52402,2481581,-1230.0999755859375,2500,0,0,138,0
1600609255.9428768,2484082,240.0,2500,0,1,0,0
1600609262.5654411,2486582,250.0,2500,0,0,0,0
1600609269.195394,2489094,130.0,2500,0,2,10,0
1600609275.629976,2491598,210.0,2500,0,2,2,0
1600609282.5138628,2494113,100.0,2500,0,0,15,0
1600609288.87394,2496615,230.0,2500,0,2,0,0
1600609295.39806,2499115,250.0,2500,0,0,0,0
1600609301.544924,2501617,230.0,2500,0,0,2,0
1600609308.081897,2504182,-400.0,2500,0,1,64,0
1600609314.696081,2506684,230.0,2500,0,2,0,0
1600609321.432638,2509186,230.0,2500,0,2,0,0
1600609327.678894,2511686,250.0,2500,0,0,0,0
1600609334.299525,2514190,210.0,2500,0,0,4,0
1600609341.3714712,2516892,-1870.0999755859375,2500,0,202,0,0
1600609347.915574,2519393,240.0,2500,0,1,0,0
1600609354.813026,2521921,-29.999996185302734,2500,0,1,27,0
1600609361.514251,2524425,210.0,2500,0,0,4,0
1600609367.7443142,2526935,150.0,2500,0,10,0,0
1600609374.275583,2529437,230.0,2500,0,2,0,0
1600609380.4446468,2531940,220.0,2500,0,1,2,0
1600609386.993404,2534441,240.0,2500,0,1,0,0
1600609393.157407,2536946,200.0,2500,0,5,0,0
1600609399.662606,2539506,-650.2999877929688,2497,3,5,55,0
1600609406.3287098,2542008,230.0,2500,0,2,0,0
1600609412.658633,2544508,250.0,2500,0,0,0,0
1600609420.28563,2547355,-3420.199951171875,2500,0,2,345,0
1600609426.467188,2549857,230.0,2500,0,1,1,0
1600609432.956471,2552372,-100.19999694824219,2498,2,0,15,0
1600609439.2839801,2554877,200.0,2500,0,1,4,0
1600609446.170902,2557452,-500.0,2500,0,2,73,0
1600609452.3347058,2559954,230.0,2500,0,2,0,0
1600609458.956665,2562455,240.0,2500,0,1,0,0
1600609465.298398,2564955,250.0,2500,0,0,0,0
1600609471.932032,2567458,180.0,2500,0,3,0,4
1600609478.6639092,2570060,-870.0999755859375,2500,0,0,102,0
1600609486.0624309,2572822,-2470.10009765625,2500,0,1,261,0
1600609493.644446,2575843,-5160.2001953125,2500,0,4,517,0
1600609500.184504,2578360,80.0,2500,0,2,15,0
1600609507.643303,2581233,-3580.10009765625,2500,0,0,373,0
1600609516.717215,2584674,-9560.400390625,2500,0,1,940,0
1600609523.603245,2587358,-1590.0,2500,0,0,184,0
1600609530.102478,2589858,250.0,2500,0,0,0,0
1600609536.356142,2592358,250.0,2500,0,0,0,0
1600609542.911126,2594859,240.0,2500,0,1,0,0
1600609549.128238,2597359,250.0,2500,0,0,0,0
1600609555.6586208,2599859,250.0,2500,0,0,0,0
1600609562.526033,2602545,-1610.0,2500,0,2,184,0
1600609568.696723,2605045,250.0,2500,0,0,0,0
1600609575.215843,2607546,240.0,2500,0,1,0,0
1600609581.513379,2610046,250.0,2500,0,0,0,0
1600609588.274861,2612547,240.0,2500,0,1,0,0
1600609595.180404,2615057,150.0,2500,0,0,10,0
1600609601.575385,2617557,250.0,2500,0,0,0,0
1600609608.160465,2620057,250.0,2500,0,0,0,0
1600609614.368789,2622558,240.0,2500,0,0,1,0
1600609620.8823512,2625058,250.0,2500,0,0,0,0
1600609627.128457,2627558,250.0,2500,0,0,0,0
1600609633.7738712,2630059,240.0,2500,0,1,0,0
1600609639.9433029,2632563,210.0,2500,0,0,4,0
1600609646.443934,2635064,240.0,2500,0,0,1,0
1600609653.102449,2637571,180.0,2500,0,0,7,0
1600609659.449249,2640071,250.0,2500,0,0,0,0
1600609666.1366148,2642572,240.0,2500,0,1,0,0
1600609672.535104,2645074,230.0,2500,0,2,0,0
1600609679.070684,2647575,240.0,2500,0,1,0,0
1600609685.226806,2650076,240.0,2500,0,0,1,0
1600609691.748062,2652596,50.000003814697266,2500,0,20,0,0
1600609697.871645,2655101,200.0,2500,0,1,4,0
1600609704.533184,2657601,250.0,2500,0,0,0,0
1600609711.2098718,2660101,250.0,2500,0,0,0,0
1600609717.52383,2662602,240.0,2500,0,1,0,0
1600609724.0141592,2665138,-110.0,2500,0,3,33,0
1600609730.184405,2667639,240.0,2500,0,0,1,0
1600609736.6580238,2670140,240.0,2500,0,1,0,0
1600609743.1822278,2672641,240.0,2500,0,1,0,0
1600609749.508969,2675153,130.0,2500,0,2,10,0
1600609756.17938,2677656,220.0,2500,0,2,1,0
1600609762.378658,2680157,240.0,2500,0,0,1,0
1600609768.910336,2682657,250.0,2500,0,0,0,0
1600609775.204166,2685169,130.0,2500,0,3,9,0
1600609781.723259,2687741,-570.0999755859375,2499,1,3,69,0
1600609788.3793862,2690288,-520.2999877929688,2497,3,3,44,0
1600609795.067344,2692835,-520.2999877929688,2497,3,2,45,0
1600609801.5569558,2695335,250.0,2500,0,0,0,0
1600609807.7354722,2697837,230.0,2500,0,2,0,0
1600609814.222752,2700337,250.0,2500,0,0,0,0
1600609820.442969,2702837,250.0,2500,0,0,0,0
1600609827.132658,2705343,190.0,2500,0,1,5,0
1600609833.821888,2707843,250.0,2500,0,0,0,0
1600609840.1120262,2710344,240.0,2500,0,0,1,0
1600609846.7626722,2712844,250.0,2500,0,0,0,0
1600609852.962414,2715344,250.0,2500,0,0,0,0
1600609859.41693,2717904,-350.0,2500,0,60,0,0
1600609866.02757,2720405,240.0,2500,0,1,0,0
1600609872.280148,2722905,250.0,2500,0,0,0,0
1600609878.7503612,2725405,250.0,2500,0,0,0,0
1600609884.9250612,2727907,230.0,2500,0,1,1,0
1600609891.382133,2730407,250.0,2500,0,0,0,0
1600609897.747943,2732908,240.0,2500,0,1,0,0
1600609904.32396,2735409,240.0,2500,0,1,0,0
1600609910.82894,2737957,-230.0,2500,0,48,0,0
1600609916.997352,2740467,150.0,2500,0,10,0,0
1600609923.544769,2743001,-90.0,2500,0,34,0,0
1600609930.2034822,2745502,240.0,2500,0,1,0,0
1600609936.547816,2748002,250.0,2500,0,0,0,0
1600609943.234963,2750502,250.0,2500,0,0,0,0
1600609949.5894191,2753002,250.0,2500,0,0,0,0
1600609956.313451,2755502,250.0,2500,0,0,0,0
1600609962.789291,2758003,240.0,2500,0,1,0,0
1600609969.380249,2760505,230.0,2500,0,1,1,0
1600609975.561376,2763006,240.0,2500,0,1,0,0
1600609982.084296,2765506,250.0,2500,0,0,0,0
1600609988.6521978,2768008,230.0,2500,0,2,0,0
1600609994.7993011,2770508,250.0,2500,0,0,0,0
1600610001.309641,2773008,250.0,2500,0,0,0,0
1600610007.562979,2775508,250.0,2500,0,0,0,0
1600610014.262635,2778013,200.0,2500,0,1,4,0
1600610020.6005938,2780516,220.0,2500,0,3,0,0
1600610027.065553,2783017,240.0,2500,0,1,0,0
1600610033.247222,2785517,250.0,2500,0,0,0,0
1600610039.727515,2788018,240.0,2500,0,1,0,0
1600610045.862637,2790518,250.0,2500,0,0,0,0
1600610052.319732,2793018,240.0,2500,0,0,0,1
1600610058.6175601,2795519,230.0,2500,0,1,0,1
1600610065.274529,2798020,240.0,2500,0,1,0,0
1600610071.906668,2800530,150.0,2500,0,0,10,0
1600610080.922375,2804081,-11261.0,2500,0,2,1049,0
1600610088.402358,2807024,-4280.10009765625,2500,0,340,103,0
1600610103.519594,2812960,-37513.3984375,2500,0,2,3434,0
1600610109.7944472,2815478,70.0,2500,0,18,0,0
1600610119.484462,2819293,-14201.2998046875,2500,0,2,1313,0
1600610129.858763,2823416,-17411.400390625,2500,0,1,1622,3
1600610136.8616269,2826027,-960.0999755859375,2500,0,10,101,0
1600610143.250296,2828527,250.0,2500,0,0,0,0
1600610149.784677,2831030,220.0,2500,0,3,0,0
1600610158.645323,2834683,-12281.0,2500,0,139,1014,0
1600610166.752782,2837825,-6770.60009765625,2500,0,0,642,0
1600610175.654361,2841358,-10780.7001953125,2500,0,180,853,0
1600610181.926194,2843860,230.0,2500,0,0,2,0
1600610188.598569,2846362,230.0,2500,0,1,1,0
1600610195.118432,2848879,-120.19999694824219,2498,2,1,16,0
1600610201.663925,2851380,220.0,2500,0,0,1,2
1600610207.813288,2853881,230.0,2500,0,1,0,1
1600610215.818978,2857054,-6980.5,2499,1,593,80,0
1600610223.576125,2860057,-5180.39990234375,2500,0,1,502,0
1600610229.907698,2862557,250.0,2500,0,0,0,0
1600610236.792043,2865271,-1990.0999755859375,2500,0,0,214,0
1600610243.2669451,2867772,240.0,2500,0,1,0,0
1600610251.8236742,2870868,-6010.2998046875,2500,0,583,13,0
1600610260.272371,2873908,-5150.0,2500,0,112,428,0
1600610267.5714781,2876571,-1480.0999755859375,2500,0,153,10,0
1600610274.530375,2879299,-2230.199951171875,2500,0,1,227,0
1600610284.550237,2883328,-16441.400390625,2500,0,2,1527,0
1600610291.895234,2886334,-5210.39990234375,2500,0,0,506,0
1600610298.6475909,2889057,-2080.10009765625,2500,0,2,221,0
1600610305.1727731,2891586,-39.999996185302734,2500,0,2,27,0
1600610311.860914,2894088,230.0,2500,0,2,0,0
1600610318.321265,2896588,250.0,2500,0,0,0,0
1600610324.946635,2899090,230.0,2500,0,2,0,0
1600610331.171415,2901591,240.0,2500,0,1,0,0
1600610338.236338,2904209,-930.0,2500,0,118,0,0
1600610344.429673,2906710,240.0,2500,0,1,0,0
1600610350.8929548,2909212,220.0,2500,0,2,0,1
1600610357.0033011,2911713,240.0,2500,0,1,0,0
1600610363.3149922,2914214,230.0,2500,0,1,0,1
1600610369.146,2916714,250.0,2500,0,0,0,0
1600610376.885254,2919838,-6190.2001953125,2500,0,1,623,0
1600610382.7176309,2922339,240.0,2500,0,1,0,0
1600610392.238944,2926262,-14280.2998046875,2500,0,2,1421,0
1600610398.610122,2928792,-49.999996185302734,2500,0,2,28,0
1600610404.5239859,2931293,240.0,2500,0,1,0,0
1600610410.7283578,2933793,250.0,2500,0,0,0,0
1600610416.718942,2936295,230.0,2500,0,0,2,0
1600610422.888313,2938795,250.0,2500,0,0,0,0
1600610428.854007,2941306,140.0,2500,0,7,4,0
1600610435.085661,2943806,250.0,2500,0,0,0,0
1600610441.326607,2946323,80.0,2500,0,17,0,0
1600610447.271234,2948824,240.0,2500,0,1,0,0
1600610453.3867462,2951326,230.0,2500,0,2,0,0
1600610459.334731,2953826,250.0,2500,0,0,0,0
1600610465.577899,2956326,250.0,2500,0,0,0,0
1600610471.863728,2958868,-170.0,2500,0,42,0,0
1600610477.796428,2961370,230.0,2500,0,2,0,0
1600610483.947168,2963870,250.0,2500,0,0,0,0
1600610489.8423061,2966370,250.0,2500,0,0,0,0
1600610495.997144,2968870,250.0,2500,0,0,0,0
1600610501.931185,2971377,180.0,2500,0,7,0,0
1600610508.1283011,2973892,100.0,2500,0,1,14,0
1600610514.264742,2976393,240.0,2500,0,1,0,0
1600610520.2497122,2978893,250.0,2500,0,0,0,0
1600610526.8373592,2981510,-920.0,2500,0,1,116,0
1600610532.7368472,2984013,220.0,2500,0,0,3,0
1600610538.832513,2986517,-590.7999877929688,2492,8,1,3,0
1600610544.673324,2989027,-150.3000030517578,2497,3,0,10,0
1600610551.020673,2991543,-110.19999694824219,2498,2,1,15,0
1600610557.346786,2994055,-270.3999938964844,2496,4,0,12,0
1600610563.695372,2996661,-910.0999755859375,2500,0,1,105,0
1600610570.182891,2999363,-1970.199951171875,2500,0,0,202,0
1600610576.325377,3001864,240.0,2500,0,1,0,0
1600610582.2661288,3004365,240.0,2500,0,0,1,0
1600610588.4278479,3006947,-570.0,2500,0,1,81,0
1600610594.674515,3009450,220.0,2500,0,1,2,0
1600610600.934457,3012056,-910.0999755859375,2500,0,0,106,0
1600610607.116114,3014584,-29.999996185302734,2500,0,0,28,0
1600610613.236939,3017178,-690.0,2500,0,0,94,0
1600610619.4124742,3019763,-800.2000122070312,2498,2,2,83,0
1600610628.5176399,3023370,-12021.2001953125,2493,7,24,1083,0
1600610634.4369369,3025874,210.0,2500,0,2,2,0
1600610640.638457,3028374,250.0,2500,0,0,0,0
1600610646.623966,3030874,250.0,2500,0,0,0,0
1600610652.932544,3033376,230.0,2500,0,2,0,0
1600610658.896522,3035876,250.0,2500,0,0,0,0
1600610665.229404,3038381,200.0,2500,0,0,5,0
1600610671.323308,3040883,230.0,2500,0,2,0,0
1600610677.769311,3043383,250.0,2500,0,0,0,0
1600610683.784998,3045885,230.0,2500,0,0,2,0
1600610689.878952,3048386,240.0,2500,0,1,0,0
1600610695.9638112,3050893,180.0,2500,0,1,6,0
1600610701.672253,3053393,250.0,2500,0,0,0,0
1600610707.800977,3055894,240.0,2500,0,1,0,0
1600610713.615529,3058395,240.0,2500,0,1,0,0
1600610719.898551,3060920,3.725290298461914e-06,2500,0,0,25,0
1600610725.911135,3063424,210.0,2500,0,3,1,0
1600610731.834815,3065924,250.0,2500,0,0,0,0
1600610737.881099,3068424,250.0,2500,0,0,0,0
1600610743.636197,3070924,240.0,2500,0,0,0,1
1600610749.7640882,3073428,210.0,2500,0,0,4,0
1600610755.5506308,3075929,240.0,2500,0,1,0,0
1600610761.703522,3078434,180.0,2500,0,5,0,2
1600610767.513172,3080951,-220.3000030517578,2497,3,0,17,0
1600610773.815169,3083487,-1311.199951171875,2488,12,7,29,0
1600610780.1028109,3085988,-70.29999542236328,2497,3,0,1,1
1600610785.980522,3088489,240.0,2500,0,1,0,0
1600610792.180419,3090992,220.0,2500,0,1,2,0
1600610798.131497,3093498,190.0,2500,0,0,6,0
1600610804.15033,3096006,170.0,2500,0,1,7,0
1600610813.8848078,3100233,-18621.599609375,2500,0,1,1726,0
1600610821.1865458,3103294,-5760.39990234375,2500,0,0,561,0
1600610827.290584,3105795,240.0,2500,0,1,0,0
1600610833.198567,3108296,240.0,2500,0,0,1,0
1600610839.419714,3110796,250.0,2500,0,0,0,0
1600610845.195979,3113297,240.0,2500,0,1,0,0
1600610851.23617,3115797,250.0,2500,0,0,0,0
1600610857.165579,3118297,250.0,2500,0,0,0,0
1600610863.349493,3120797,250.0,2500,0,0,0,0
1600610869.182245,3123297,250.0,2500,0,0,0,0
1600610875.27538,3125797,250.0,2500,0,0,0,0
1600610881.124326,3128297,250.0,2500,0,0,0,0
1600610887.3814101,3130797,240.0,2500,0,0,0,1
1600610893.2996821,3133304,180.0,2500,0,7,0,0
1600610899.411341,3135804,250.0,2500,0,0,0,0
1600610905.548797,3138304,250.0,2500,0,0,0,0
1600610911.464022,3140831,-19.999996185302734,2500,0,27,0,0
1600610917.4940329,3143331,250.0,2500,0,0,0,0
1600610923.242443,3145841,150.0,2500,0,10,0,0
1600610929.3649101,3148341,250.0,2500,0,0,0,0
1600610935.199908,3150841,250.0,2500,0,0,0,0
1600610941.334267,3153341,250.0,2500,0,0,0,0
1600610947.4384909,3155841,250.0,2500,0,0,0,0
1600610953.3882089,3158341,250.0,2500,0,0,0,0
1600610959.65151,3160842,240.0,2500,0,1,0,0
1600610965.4873369,3163344,230.0,2500,0,2,0,0
1600610971.55954,3165847,220.0,2500,0,3,0,0
1600610977.2084532,3168347,250.0,2500,0,0,0,0
1600610983.284131,3170847,250.0,2500,0,0,0,0
1600610989.053695,3173347,250.0,2500,0,0,0,0
1600610995.126367,3175849,230.0,2500,0,2,0,0
1600611001.082743,3178350,240.0,2500,0,1,0,0
1600611007.2620428,3180850,250.0,2500,0,0,0,0
1600611013.1241019,3183350,250.0,2500,0,0,0,0
1600611019.955863,3186055,-1900.0999755859375,2500,0,205,0,0
1600611025.751114,3188555,250.0,2500,0,0,0,0
1600611045.6432698,3196938,-61683.1015625,2500,0,5883,0,0
1600611051.335725,3199438,250.0,2500,0,0,0,0
1600611057.449882,3201938,250.0,2500,0,0,0,0
1600611063.2225971,3204439,240.0,2500,0,1,0,0
1600611069.3133838,3206939,250.0,2500,0,0,0,0
1600611075.222403,3209444,200.0,2500,0,2,3,0
1600611081.382928,3211944,250.0,2500,0,0,0,0
1600611087.191209,3214447,220.0,2500,0,1,2,0
1600611095.2220612,3217817,-8750.2998046875,2500,0,870,0,0
1600611100.999103,3220317,250.0,2500,0,0,0,0
1600611107.120805,3222825,170.0,2500,0,5,3,0
1600611112.794091,3225327,230.0,2500,0,0,2,0
1600611118.994694,3227831,210.0,2500,0,1,3,0
1600611125.1445062,3230336,200.0,2500,0,0,5,0
1600611131.233004,3232901,-400.0,2500,0,6,59,0
1600611137.223116,3235422,40.000003814697266,2500,0,4,17,0
1600611143.445911,3237926,210.0,2500,0,0,4,0
1600611149.6697102,3240509,-580.0,2500,0,5,78,0
1600611155.7803578,3243042,-80.0,2500,0,33,0,0
1600611161.696995,3245547,200.0,2500,0,0,5,0
1600611167.674496,3248052,200.0,2500,0,0,5,0
1600611173.752531,3250571,60.000003814697266,2500,0,3,16,0
1600611179.560098,3253073,230.0,2500,0,1,1,0
1600611185.6603642,3255580,180.0,2500,0,3,4,0
1600611191.4132311,3258081,240.0,2500,0,1,0,0
1600611197.6377978,3260592,140.0,2500,0,2,9,0
1600611203.399928,3263092,250.0,2500,0,0,0,0
1600611209.4860108,3265592,250.0,2500,0,0,0,0
1600611215.2872949,3268092,250.0,2500,0,0,0,0
1600611221.203326,3270651,-340.0,2500,0,59,0,0
1600611227.280385,3273164,120.0,2500,0,1,12,0
1600611233.36863,3275664,250.0,2500,0,0,0,0
1600611239.1589918,3278166,230.0,2500,0,2,0,0
1600611245.267959,3280670,210.0,2500,0,2,2,0
1600611251.0634298,3283176,190.0,2500,0,1,5,0
1600611257.242811,3285677,240.0,2500,0,1,0,0
1600611263.154131,3288178,240.0,2500,0,1,0,0
1600611269.286814,3290679,230.0,2500,0,0,1,1
1600611275.231091,3293179,250.0,2500,0,0,0,0
1600611281.262789,3295681,230.0,2500,0,1,1,0
1600611287.264468,3298267,-610.0,2500,0,1,85,0
1600611293.365321,3300805,-130.0,2500,0,0,38,0
1600611299.41711,3303305,240.0,2500,0,0,0,1
1600611305.1924,3305805,250.0,2500,0,0,0,0
1600611311.3733509,3308306,240.0,2500,0,1,0,0
1600611317.231624,3310808,230.0,2500,0,2,0,0
1600611323.2979221,3313310,230.0,2500,0,2,0,0
1600611328.974401,3315810,250.0,2500,0,0,0,0
1600611335.081301,3318311,240.0,2500,0,1,0,0
1600611340.844178,3320811,250.0,2500,0,0,0,0
1600611346.803782,3323311,250.0,2500,0,0,0,0
1600611352.586661,3325811,250.0,2500,0,0,0,0
1600611358.706142,3328311,250.0,2500,0,0,0,0
1600611364.474111,3330813,230.0,2500,0,2,0,0
1600611370.6758678,3333314,240.0,2500,0,1,0,0
1600611376.877986,3335814,250.0,2500,0,0,0,0
1600611382.658738,3338314,250.0,2500,0,0,0,0
1600611388.842856,3340814,250.0,2500,0,0,0,0
1600611394.7383401,3343314,250.0,2500,0,0,0,0
1600611400.801034,3345814,250.0,2500,0,0,0,0
1600611406.4718752,3348316,230.0,2500,0,2,0,0
1600611412.541792,3350827,140.0,2500,0,11,0,0
1600611418.352703,3353327,250.0,2500,0,0,0,0
1600611424.441941,3355827,250.0,2500,0,0,0,0
1600611430.198346,3358330,220.0,2500,0,3,0,0
1600611436.3220422,3360830,250.0,2500,0,0,0,0
1600611442.526609,3363337,180.0,2500,0,7,0,0
1600611448.335556,3365839,230.0,2500,0,0,2,0
1600611454.434191,3368345,190.0,2500,0,0,6,0
1600611460.260921,3370846,240.0,2500,0,0,1,0
1600611466.37509,3373347,240.0,2500,0,1,0,0
1600611472.041636,3375847,250.0,2500,0,0,0,0
1600611478.114757,3378347,250.0,2500,0,0,0,0
1600611483.878463,3380848,240.0,2500,0,1,0,0
1600611489.950328,3383349,240.0,2500,0,1,0,0
1600611495.8100748,3385849,250.0,2500,0,0,0,0
1600611502.068623,3388349,250.0,2500,0,0,0,0
1600611508.13997,3390852,220.0,2500,0,3,0,0
1600611514.043633,3393352,250.0,2500,0,0,0,0
1600611520.10516,3395852,250.0,2500,0,0,0,0
1600611525.735092,3398354,230.0,2500,0,2,0,0
1600611531.80669,3400854,250.0,2500,0,0,0,0
1600611543.8970408,3406107,-28581.30078125,2500,0,2753,0,0
1600611549.740608,3408608,240.0,2500,0,1,0,0
1600611556.008574,3411110,230.0,2500,0,0,2,0
1600611561.787203,3413610,250.0,2500,0,0,0,0
1600611567.8200781,3416131,40.000003814697266,2500,0,0,21,0
1600611573.872898,3418638,180.0,2500,0,0,7,0
1600611579.678231,3421170,-70.0,2500,0,1,31,0
1600611585.679109,3423672,230.0,2500,0,0,2,0
1600611591.3972878,3426172,250.0,2500,0,0,0,0
1600611597.456558,3428672,250.0,2500,0,0,0,0
1600611603.646199,3431172,250.0,2500,0,0,0,0
1600611609.531513,3433672,250.0,2500,0,0,0,0
1600611615.674786,3436172,250.0,2500,0,0,0,0
1600611621.579555,3438672,250.0,2500,0,0,0,0
1600611627.6826549,3441175,220.0,2500,0,1,2,0
1600611633.485475,3443675,250.0,2500,0,0,0,0
1600611639.550368,3446175,250.0,2500,0,0,0,0
1600611645.3311439,3448675,250.0,2500,0,0,0,0
1600611651.372113,3451179,210.0,2500,0,4,0,0
1600611657.1617029,3453679,250.0,2500,0,0,0,0
1600611663.2385862,3456179,250.0,2500,0,0,0,0
1600611669.004137,3458679,250.0,2500,0,0,0,0
1600611676.7115068,3461853,-6990.5,2500,0,674,0,0
1600611682.816639,3464354,240.0,2500,0,1,0,0
1600611688.595891,3466856,230.0,2500,0,2,0,0
1600611694.688011,3469357,240.0,2500,0,1,0,0
1600611700.490391,3471860,220.0,2500,0,0,3,0
1600611706.606626,3474369,160.0,2500,0,9,0,0
1600611713.033099,3477042,-1500.0,2500,0,173,0,2
1600611719.031708,3479555,120.0,2500,0,1,12,0
1600611724.900919,3482056,240.0,2500,0,1,0,0
1600611730.955711,3484557,240.0,2500,0,1,0,0
1600611736.8414972,3487058,240.0,2500,0,1,0,0
1600611743.091043,3489559,240.0,2500,0,1,0,0
1600611748.901558,3492059,250.0,2500,0,0,0,0
1600611755.015486,3494559,250.0,2500,0,0,0,0
1600611760.9105558,3497059,200.0,2500,0,0,0,5
1600611766.9335208,3499560,240.0,2500,0,1,0,0
1600611772.640857,3502060,250.0,2500,0,0,0,0
1600611778.708802,3504560,250.0,2500,0,0,0,0
1600611784.486918,3507060,250.0,2500,0,0,0,0
1600611790.59977,3509561,240.0,2500,0,1,0,0
1600611796.7181172,3512079,70.0,2500,0,1,17,0
1600611802.5244339,3514603,10.000003814697266,2500,0,0,24,0
1600611808.881012,3517256,-1280.0,2500,0,2,151,0
1600611814.9903948,3519797,-260.1000061035156,2499,1,0,41,0
1600611821.6370099,3522604,-3220.39990234375,2499,1,2,305,0
1600611827.79373,3525210,-1210.4000244140625,2496,4,2,104,0
1600611833.872472,3527710,250.0,2500,0,0,0,0
1600611839.635057,3530216,-110.29999542236328,2497,3,0,6,0
1600611847.377961,3533529,-8580.7001953125,2500,0,0,813,0
1600611853.5158882,3536033,210.0,2500,0,0,4,0
1600611859.4199228,3538533,250.0,2500,0,0,0,0
1600611865.609804,3541033,250.0,2500,0,0,0,0
1600611871.433262,3543533,250.0,2500,0,0,0,0
1600611877.7914932,3546144,-860.0,2500,0,0,111,0
1600611883.708363,3548646,230.0,2500,0,2,0,0
1600611889.719157,3551156,150.0,2500,0,1,9,0
1600611895.7745569,3553787,-1060.0,2500,0,131,0,0
1600611901.910092,3556287,250.0,2500,0,0,0,0
1600611907.9562151,3558787,250.0,2500,0,0,0,0
1600611913.731078,3561288,240.0,2500,0,1,0,0
1600611919.897583,3563788,250.0,2500,0,0,0,0
1600611925.768834,3566289,240.0,2500,0,1,0,0
1600611931.7245598,3568790,240.0,2500,0,1,0,0
1600611937.521616,3571290,250.0,2500,0,0,0,0
1600611943.612293,3573790,250.0,2500,0,0,0,0
1600611949.278879,3576290,250.0,2500,0,0,0,0
1600611955.367959,3578792,230.0,2500,0,2,0,0
1600611961.151238,3581292,250.0,2500,0,0,0,0
1600611967.251307,3583792,250.0,2500,0,0,0,0
1600611973.1713972,3586292,250.0,2500,0,0,0,0
1600611979.251939,3588793,240.0,2500,0,1,0,0
1600611985.4119968,3591294,240.0,2500,0,1,0,0
1600611991.7887738,3593795,240.0,2500,0,1,0,0
1600611998.013171,3596296,240.0,2500,0,1,0,0
1600612003.84933,3598796,250.0,2500,0,0,0,0
1600612009.96112,3601297,240.0,2500,0,1,0,0
1600612015.712091,3603797,250.0,2500,0,0,0,0
1600612021.789223,3606297,250.0,2500,0,0,0,0
1600612027.664862,3608797,250.0,2500,0,0,0,0
1600612033.7692852,3611297,250.0,2500,0,0,0,0
1600612039.637162,3613798,240.0,2500,0,1,0,0
1600612046.52175,3616618,-2950.0,2500,0,0,320,0
1600612052.550924,3619118,250.0,2500,0,0,0,0
1600612058.461777,3621618,250.0,2500,0,0,0,0
1600612064.492577,3624118,250.0,2500,0,0,0,0
1600612070.1401758,3626618,250.0,2500,0,0,0,0
1600612076.2893271,3629118,250.0,2500,0,0,0,0
1600612082.387392,3631622,210.0,2500,0,4,0,0
1600612088.138495,3634122,250.0,2500,0,0,0,0
1600612094.1187022,3636623,240.0,2500,0,1,0,0
1600612100.012502,3639123,250.0,2500,0,0,0,0
1600612106.176159,3641623,250.0,2500,0,0,0,0
1600612111.959899,3644124,240.0,2500,0,1,0,0
1600612118.1141078,3646625,240.0,2500,0,1,0,0
1600612123.921843,3649125,240.0,2500,0,0,0,1
1600612129.870535,3651635,150.0,2500,0,10,0,0
1600612135.631973,3654135,250.0,2500,0,0,0,0
1600612141.752929,3656644,160.0,2500,0,9,0,0
1600612147.80015,3659145,240.0,2500,0,1,0,0
1600612153.5541708,3661645,250.0,2500,0,0,0,0
1600612159.7498071,3664145,250.0,2500,0,0,0,0
1600612165.569937,3666646,240.0,2500,0,1,0,0
1600612171.572504,3669146,250.0,2500,0,0,0,0
1600612177.391853,3671646,250.0,2500,0,0,0,0
1600612183.437655,3674146,250.0,2500,0,0,0,0
1600612191.81334,3677774,-11530.5,2500,0,1128,0,0
1600612197.917067,3680275,240.0,2500,0,1,0,0
1600612204.101655,3682876,-860.0999755859375,2500,0,0,101,0
1600612210.256398,3685377,240.0,2500,0,0,1,0
1600612216.094024,3687889,130.0,2500,0,0,12,0
1600612222.3518589,3690389,250.0,2500,0,0,0,0
1600612228.2968042,3692889,250.0,2500,0,0,0,0
1600612234.448823,3695392,220.0,2500,0,3,0,0
1600612240.115401,3697893,240.0,2500,0,1,0,0
1600612246.238952,3700393,250.0,2500,0,0,0,0
1600612252.039804,3702893,250.0,2500,0,0,0,0
1600612258.033599,3705394,240.0,2500,0,1,0,0
1600612263.766099,3707894,250.0,2500,0,0,0,0
1600612269.858023,3710395,240.0,2500,0,1,0,0
1600612275.835093,3712965,-460.0,2500,0,70,0,1
1600612281.8857331,3715466,240.0,2500,0,1,0,0
1600612287.683739,3717966,250.0,2500,0,0,0,0
1600612293.76989,3720466,250.0,2500,0,0,0,0
1600612299.566684,3722966,250.0,2500,0,0,0,0
1600612305.5822139,3725467,240.0,2500,0,1,0,0
1600612311.3067179,3727967,250.0,2500,0,0,0,0
1600612317.418459,3730468,240.0,2500,0,1,0,0
1600612323.099659,3732969,240.0,2500,0,1,0,0
1600612330.247953,3736040,-5660.2001953125,2500,0,571,0,0
1600612336.4135292,3738540,250.0,2500,0,0,0,0
1600612342.339881,3741040,250.0,2500,0,0,0,0
1600612348.4947321,3743540,250.0,2500,0,0,0,0
1600612354.315857,3746041,240.0,2500,0,1,0,0
1600612360.606842,3748544,220.0,2500,0,0,3,0
1600612366.676455,3751046,230.0,2500,0,2,0,0
1600612372.434612,3753546,250.0,2500,0,0,0,0
1600612378.472985,3756046,250.0,2500,0,0,0,0
1600612384.1741052,3758546,250.0,2500,0,0,0,0
1600612390.276932,3761046,250.0,2500,0,0,0,0
1600612396.0665321,3763547,240.0,2500,0,1,0,0
1600612402.236359,3766047,250.0,2500,0,0,0,0
1600612407.9596438,3768548,240.0,2500,0,1,0,0
1600612413.95287,3771050,230.0,2500,0,2,0,0
1600612419.726548,3773550,250.0,2500,0,0,0,0
1600612425.82999,3776059,160.0,2500,0,9,0,0
1600612431.9094558,3778572,120.0,2500,0,13,0,0
1600612437.6998599,3781082,150.0,2500,0,10,0,0
1600612443.826915,3783583,240.0,2500,0,1,0,0
1600612449.609612,3786084,240.0,2500,0,1,0,0
1600612456.270987,3788888,-2890.10009765625,2500,0,4,300,0
1600612462.525791,3791412,-590.5999755859375,2494,6,1,23,0
1600612468.6702259,3793964,-370.1000061035156,2499,1,3,49,0
1600612474.4542542,3796467,220.0,2500,0,0,3,0
1600612480.6792052,3799156,-1660.0,2500,0,18,171,2
1600612486.7487628,3801657,240.0,2500,0,1,0,0
1600612492.492623,3804158,240.0,2500,0,1,0,0
1600612498.836342,3806728,-450.0,2500,0,70,0,0
1600612504.556407,3809228,250.0,2500,0,0,0,0
1600612510.692107,3811728,250.0,2500,0,0,0,0
1600612516.535847,3814228,250.0,2500,0,0,0,0
1600612522.6727612,3816729,240.0,2500,0,1,0,0
1600612528.458509,3819229,250.0,2500,0,0,0,0
1600612534.5251782,3821729,250.0,2500,0,0,0,0
1600612540.1724281,3824230,240.0,2500,0,1,0,0
1600612546.255101,3826734,210.0,2500,0,1,3,0
1600612552.0654988,3829235,240.0,2500,0,1,0,0
1600612558.132511,3831739,210.0,2500,0,4,0,0
1600612564.256974,3834243,210.0,2500,0,3,1,0
1600612569.998774,3836752,160.0,2500,0,3,6,0
1600612576.3456142,3839386,-1090.0,2500,0,0,134,0
1600612583.944555,3842636,-7550.2998046875,2500,0,740,10,0
1600612590.193625,3845144,170.0,2500,0,0,8,0
1600612596.044641,3847645,240.0,2500,0,0,1,0
1600612602.1739688,3850159,110.0,2500,0,1,13,0
1600612607.9467678,3852670,140.0,2500,0,0,11,0
1600612614.219361,3855234,-390.0,2500,0,0,64,0
1600612619.974114,3857745,140.0,2500,0,2,9,0
1600612625.935173,3860247,230.0,2500,0,0,2,0
1600612631.699637,3862748,240.0,2500,0,0,1,0
1600612637.7784069,3865249,240.0,2500,0,0,1,0
1600612643.563742,3867755,190.0,2500,0,0,6,0
1600612649.704962,3870256,240.0,2500,0,1,0,0
1600612655.570352,3872766,150.0,2500,0,0,10,0
1600612661.6169379,3875266,250.0,2500,0,0,0,0
1600612667.7165692,3877797,-59.999996185302734,2500,0,1,30,0
1600612673.469536,3880297,250.0,2500,0,0,0,0
1600612679.547942,3882803,89.9000015258789,2499,1,0,6,0
1600612685.2786639,3885303,250.0,2500,0,0,0,0
1600612691.395116,3887803,250.0,2500,0,0,0,0
1600612697.208998,3890303,250.0,2500,0,0,0,0
1600612703.338055,3892803,250.0,2500,0,0,0,0
1600612709.551651,3895350,-220.0,2500,0,0,47,0
1600612715.4920871,3897850,250.0,2500,0,0,0,0
1600612721.68399,3900361,140.0,2500,0,0,11,0
1600612727.652846,3902866,200.0,2500,0,5,0,0
1600612733.947833,3905583,-2120.199951171875,2500,0,1,216,0
1600612739.768304,3908090,180.0,2500,0,0,7,0
1600612745.714443,3910590,250.0,2500,0,0,0,0
1600612751.7747068,3913161,-460.0,2500,0,1,70,0
1600612757.969215,3915661,250.0,2500,0,0,0,0
1600612764.483066,3918425,-2490.10009765625,2500,0,1,263,0
1600612770.571265,3920928,220.0,2500,0,0,3,0
1600612776.209142,3923428,250.0,2500,0,0,0,0
1600612782.252342,3925928,220.0,2500,0,0,0,3
1600612788.319658,3928495,-520.0999755859375,2499,1,3,64,0
1600612794.325792,3931014,-440.5,2495,5,1,18,0
1600612800.116723,3933514,250.0,2500,0,0,0,0
1600612815.063702,3939939,-42503.5,2500,0,3925,0,0
1600612821.1667368,3942440,240.0,2500,0,1,0,0
1600612827.5666509,3945127,-1720.0999755859375,2500,0,1,186,0
1600612834.0880919,3947776,-1340.0999755859375,2500,0,0,149,0
1600612840.1529,3950348,-570.0999755859375,2499,1,40,32,0
1600612845.842698,3952868,-50.09999465942383,2499,1,17,3,0
1600612851.936973,3955369,240.0,2500,0,1,0,0
1600612857.733564,3957869,240.0,2500,0,0,0,1
1600612863.8485298,3960369,250.0,2500,0,0,0,0
1600612869.617759,3962869,250.0,2500,0,0,0,0
1600612875.701458,3965369,250.0,2500,0,0,0,0
1600612881.454102,3967869,250.0,2500,0,0,0,0
1600612887.568892,3970369,250.0,2500,0,0,0,0
1600612893.644366,3972869,250.0,2500,0,0,0,0
1600612899.372145,3975369,250.0,2500,0,0,0,0
1600612905.440874,3977870,240.0,2500,0,1,0,0
1600612911.241825,3980370,250.0,2500,0,0,0,0
1600612917.211796,3982870,250.0,2500,0,0,0,0
1600612924.5665221,3985943,-5580.10009765625,2500,0,573,0,0
1600612930.42633,3988443,250.0,2500,0,0,0,0
1600612936.56371,3990944,240.0,2500,0,1,0,0
1600612942.358638,3993444,250.0,2500,0,0,0,0
1600612948.555829,3995944,250.0,2500,0,0,0,0
1600612954.5112698,3998445,240.0,2500,0,1,0,0
1600612961.007104,4001024,-540.0,2500,0,0,79,0
1600612966.666055,4003525,240.0,2500,0,1,0,0
1600612972.656256,4006047,30.000003814697266,2500,0,22,0,0
1600612978.446075,4008551,210.0,2500,0,4,0,0
1600612984.530776,4011051,250.0,2500,0,0,0,0
1600612990.2425568,4013552,240.0,2500,0,0,1,0
1600612996.3268201,4016053,240.0,2500,0,1,0,0
1600613004.230186,4019385,-8770.7001953125,2500,0,826,6,0
1600613010.052085,4021885,250.0,2500,0,0,0,0
1600613016.1427908,4024422,-120.0,2500,0,0,37,0
1600613024.935346,4028161,-12740.599609375,2500,0,1231,8,0
1600613030.74587,4030674,120.0,2500,0,0,13,0
1600613036.842116,4033179,99.9000015258789,2499,1,0,5,0
1600613042.65081,4035695,-210.3000030517578,2497,3,2,14,0
1600613048.753123,4038197,-70.29999542236328,2497,3,0,2,0
1600613054.5625112,4040697,250.0,2500,0,0,0,0
1600613060.636723,4043198,240.0,2500,0,1,0,0
1600613066.91436,4045699,240.0,2500,0,1,0,0
1600613073.0444329,4048199,250.0,2500,0,0,0,0
1600613079.2217531,4050699,250.0,2500,0,0,0,0
1600613085.014682,4053199,250.0,2500,0,0,0,0
1600613091.0494049,4055699,250.0,2500,0,0,0,0
1600613096.808309,4058200,240.0,2500,0,0,1,0
1600613102.895453,4060701,240.0,2500,0,1,0,0
1600613108.713515,4063201,250.0,2500,0,0,0,0
1600613114.794127,4065702,240.0,2500,0,1,0,0
1600613120.587552,4068202,250.0,2500,0,0,0,0
1600613126.829379,4070702,250.0,2500,0,0,0,0
1600613132.585263,4073202,250.0,2500,0,0,0,0
1600613138.57202,4075702,250.0,2500,0,0,0,0
1600613144.357308,4078202,250.0,2500,0,0,0,0
1600613150.491683,4080702,250.0,2500,0,0,0,0
1600613156.588995,4083202,250.0,2500,0,0,0,0
1600613162.261558,4085702,250.0,2500,0,0,0,0
1600613168.363827,4088203,240.0,2500,0,1,0,0
1600613174.123094,4090703,250.0,2500,0,0,0,0
1600613180.132264,4093203,250.0,2500,0,0,0,0
1600613186.0729449,4095703,250.0,2500,0,0,0,0
1600613192.349771,4098203,250.0,2500,0,0,0,0
1600613198.1451268,4100703,250.0,2500,0,0,0,0
1600613204.4150872,4103358,-1300.0,2500,0,155,0,0
1600613210.442612,4105858,250.0,2500,0,0,0,0
1600613216.2080388,4108359,240.0,2500,0,1,0,0
1600613222.1689742,4110859,250.0,2500,0,0,0,0
1600613227.995992,4113359,250.0,2500,0,0,0,0
1600613234.084191,4115862,220.0,2500,0,3,0,0
1600613239.8308108,4118365,220.0,2500,0,0,3,0
1600613246.9432042,4121236,-4160.7001953125,2495,5,0,371,0
1600613252.887192,4123737,240.0,2500,0,1,0,0
1600613259.137965,4126237,250.0,2500,0,0,0,0
1600613264.947718,4128737,250.0,2500,0,0,0,0
1600613270.9533272,4131239,230.0,2500,0,2,0,0
1600613276.735193,4133740,240.0,2500,0,1,0,0
1600613282.8100412,4136241,240.0,2500,0,1,0,0
1600613288.606206,4138741,250.0,2500,0,0,0,0
1600613294.705236,4141243,230.0,2500,0,2,0,0
1600613300.464159,4143743,250.0,2500,0,0,0,0
1600613306.566859,4146246,220.0,2500,0,3,0,0
1600613312.8182569,4148746,250.0,2500,0,0,0,0
1600613318.51881,4151247,240.0,2500,0,1,0,0
1600613324.6063309,4153747,250.0,2500,0,0,0,0
1600613330.470193,4156249,230.0,2500,0,2,0,0
1600613336.611372,4158749,250.0,2500,0,0,0,0
1600613342.431029,4161276,-19.999996185302734,2500,0,27,0,0
1600613348.530138,4163778,230.0,2500,0,2,0,0
1600613354.5372689,4166280,230.0,2500,0,2,0,0
1600613360.257313,4168780,210.0,2500,0,0,0,4
1600613366.7982368,4171438,-1330.0,2500,0,158,0,0
1600613372.518044,4173939,240.0,2500,0,1,0,0
1600613378.70135,4176441,230.0,2500,0,2,0,0
1600613384.516497,4178942,240.0,2500,0,1,0,0
1600613390.476393,4181442,250.0,2500,0,0,0,0
1600613396.595225,4183943,240.0,2500,0,1,0,0
1600613402.379338,4186444,240.0,2500,0,1,0,0
1600613408.499836,4188946,230.0,2500,0,2,0,0
1600613414.293304,4191446,250.0,2500,0,0,0,0
1600613420.2501929,4193947,240.0,2500,0,1,0,0
1600613426.1104808,4196449,230.0,2500,0,2,0,0
1600613432.6322858,4199098,-1740.5,2495,5,1,148,0
1600613438.741769,4201613,100.0,2500,0,1,14,0
1600613444.4291751,4204113,250.0,2500,0,0,0,0
1600613450.4670029,4206705,-670.0,2500,0,0,92,0
1600613456.512013,4209206,240.0,2500,0,1,0,0
1600613462.343086,4211708,230.0,2500,0,2,0,0
1600613468.4516091,4214210,230.0,2500,0,2,0,0
1600613474.546438,4216711,240.0,2500,0,1,0,0
1600613480.3181388,4219217,190.0,2500,0,6,0,0
1600613486.506148,4221720,220.0,2500,0,3,0,0
1600613492.377013,4224221,240.0,2500,0,0,1,0
1600613498.334751,4226721,250.0,2500,0,0,0,0
1600613504.101042,4229225,210.0,2500,0,4,0,0
1600613510.1761239,4231729,210.0,2500,0,3,1,0
1600613515.930636,4234229,250.0,2500,0,0,0,0
1600613522.131177,4236730,240.0,2500,0,1,0,0
1600613527.997782,4239230,250.0,2500,0,0,0,0
1600613533.993234,4241730,250.0,2500,0,0,0,0
1600613542.1802938,4245147,-9120.2001953125,2500,0,917,0,0
1600613548.137742,4247647,250.0,2500,0,0,0,0
1600613554.527498,4250147,250.0,2500,0,0,0,0
1600613560.547904,4252647,250.0,2500,0,0,0,0
1600613566.602409,4255148,240.0,2500,0,1,0,0
1600613572.278031,4257648,250.0,2500,0,0,0,0
1600613578.3513541,4260149,240.0,2500,0,1,0,0
1600613584.129525,4262649,250.0,2500,0,0,0,0
1600613590.216241,4265152,220.0,2500,0,0,3,0
1600613596.2446852,4267654,230.0,2500,0,2,0,0
1600613602.016052,4270165,140.0,2500,0,1,10,0
1600613608.1965692,4272667,230.0,2500,0,2,0,0
1600613614.009002,4275168,240.0,2500,0,1,0,0
1600613620.06283,4277668,250.0,2500,0,0,0,0
1600613625.841196,4280168,250.0,2500,0,0,0,0
1600613631.893193,4282668,250.0,2500,0,0,0,0
1600613637.594929,4285169,240.0,2500,0,0,1,0
1600613643.714764,4287670,240.0,2500,0,1,0,0
1600613649.496861,4290170,250.0,2500,0,0,0,0
1600613655.652035,4292671,240.0,2500,0,1,0,0
1600613661.6397061,4295171,250.0,2500,0,0,0,0
1600613667.541439,4297673,230.0,2500,0,2,0,0
1600613673.776917,4300173,250.0,2500,0,0,0,0
1600613679.594847,4302673,250.0,2500,0,0,0,0
1600613685.65413,4305173,250.0,2500,0,0,0,0
1600613691.309389,4307675,230.0,2500,0,1,1,0
1600613697.385236,4310175,250.0,2500,0,0,0,0
1600613703.145984,4312675,250.0,2500,0,0,0,0
1600613709.237993,4315181,190.0,2500,0,0,6,0
1600613715.307488,4317707,-9.999996185302734,2500,0,0,26,0
1600613721.108727,4320239,-70.0,2500,0,0,32,0
1600613727.2367601,4322739,250.0,2500,0,0,0,0
1600613733.120636,4325246,180.0,2500,0,0,7,0
1600613739.2371252,4327773,-19.999996185302734,2500,0,1,26,0
1600613745.8904672,4330592,-3240.300048828125,2500,0,315,4,0
1600613751.902404,4333094,230.0,2500,0,2,0,0
1600613757.705875,4335605,39.90000534057617,2499,1,4,7,0
1600613763.7958488,4338105,250.0,2500,0,0,0,0
1600613769.9297578,4340700,-700.0,2500,0,2,93,0
1600613776.021982,4343267,-920.5,2495,5,1,66,0
1600613782.363018,4345889,-1270.300048828125,2498,2,6,116,0
1600613789.542835,4348882,-4680.0,2500,0,239,254,0
1600613795.722626,4351433,-260.0,2500,0,0,51,0
1600613801.8053172,4353933,250.0,2500,0,0,0,0
1600613807.508134,4356433,250.0,2500,0,0,0,0
1600613813.612573,4358934,240.0,2500,0,1,0,0
1600613819.359383,4361436,230.0,2500,0,0,2,0
1600613825.342498,4363939,220.0,2500,0,2,1,0
1600613831.120895,4366440,240.0,2500,0,1,0,0
1600613837.251915,4368941,240.0,2500,0,1,0,0
1600613843.1537821,4371445,210.0,2500,0,1,3,0
1600613849.219881,4373946,240.0,2500,0,0,1,0
1600613855.137623,4376446,250.0,2500,0,0,0,0
1600613861.3540852,4378950,210.0,2500,0,1,3,0
1600613867.336691,4381450,250.0,2500,0,0,0,0
1600613873.080933,4383950,250.0,2500,0,0,0,0
1600613879.159071,4386450,250.0,2500,0,0,0,0
1600613884.925164,4388950,250.0,2500,0,0,0,0
1600613890.9236321,4391450,250.0,2500,0,0,0,0
1600613896.7119339,4393967,-420.5,2495,5,0,17,0
1600613902.847958,4396513,-210.0,2500,0,1,45,0
1600613909.0824032,4399013,250.0,2500,0,0,0,0
1600613915.04233,4401513,250.0,2500,0,0,0,0
1600613921.079307,4404019,190.0,2500,0,5,1,0
1600613926.85139,4406519,250.0,2500,0,0,0,0
1600613933.2840168,4409120,-860.0999755859375,2500,0,0,101,0
1600613939.361147,4411702,-570.0,2500,0,0,82,0
1600613945.1845682,4414202,250.0,2500,0,0,0,0
1600613951.334835,4416702,250.0,2500,0,0,0,0
1600613958.164469,4419487,-2700.10009765625,2500,0,40,245,0
1600613964.1727512,4422078,-660.0,2500,0,0,91,0
1600613972.0042932,4425419,-8960.7998046875,2500,0,13,828,0
1600613978.080142,4427921,230.0,2500,0,2,0,0
1600613983.757534,4430422,240.0,2500,0,1,0,0
1600613989.862287,4432922,250.0,2500,0,0,0,0
1600613995.950829,4435562,-1250.0999755859375,2500,0,0,140,0
1600614002.540881,4438186,-1090.0999755859375,2500,0,2,122,0
1600614008.604197,4440712,-9.999996185302734,2500,0,0,26,0
1600614014.286897,4443213,240.0,2500,0,1,0,0
1600614020.4515562,4445715,230.0,2500,0,2,0,0
1600614027.269181,4448553,-3430.300048828125,2500,0,2,336,0
1600614033.074238,4451056,220.0,2500,0,1,2,0
1600614039.1988559,4453561,200.0,2500,0,5,0,0
1600614045.003403,4456062,240.0,2500,0,1,0,0
1600614051.030723,4458564,230.0,2500,0,2,0,0
1600614057.058899,4461064,250.0,2500,0,0,0,0
1600614062.918315,4463584,50.000003814697266,2500,0,20,0,0
1600614069.06027,4466086,230.0,2500,0,2,0,0
1600614074.848,4468604,70.0,2500,0,15,3,0
1600614080.9783769,4471109,200.0,2500,0,0,5,0
1600614087.0748868,4473612,220.0,2500,0,3,0,0
1600614092.981175,4476113,240.0,2500,0,0,1,0
1600614099.205974,4478624,140.0,2500,0,1,10,0
1600614105.0367339,4481125,-30.199993133544922,2498,2,0,1,7
1600614111.138803,4483626,240.0,2500,0,0,1,0
1600614116.7780962,4486129,220.0,2500,0,3,0,0
1600614122.9123561,4488629,250.0,2500,0,0,0,0
1600614128.6843278,4491129,250.0,2500,0,0,0,0
1600614134.779588,4493629,250.0,2500,0,0,0,0
1600614140.918527,4496137,170.0,2500,0,8,0,0
1600614146.7961001,4498637,250.0,2500,0,0,0,0
1600614153.394669,4501139,230.0,2500,0,2,0,0
1600614159.485971,4503652,120.0,2500,0,13,0,0
1600614165.625716,4506155,220.0,2500,0,3,0,0
1600614171.39748,4508656,240.0,2500,0,1,0,0
1600614177.4004202,4511159,220.0,2500,0,3,0,0
1600614183.1550841,4513660,240.0,2500,0,1,0,0
1600614189.197762,4516161,240.0,2500,0,1,0,0
1600614195.229504,4518663,230.0,2500,0,1,1,0
1600614202.4030678,4521824,-6860.5,2500,0,1,660,0
1600614208.608963,4524324,250.0,2500,0,0,0,0
1600614214.4015949,4526824,250.0,2500,0,0,0,0
1600614220.807667,4529410,-610.0,2500,0,1,85,0
1600614226.55702,4531934,10.000003814697266,2500,0,2,22,0
1600614232.6179578,4534434,250.0,2500,0,0,0,0
1600614238.869469,4537002,-430.0,2500,0,39,29,0
1600614244.993279,4539629,-1020.0,2500,0,1,126,0
1600614251.063999,4542130,140.0,2500,0,1,0,10
1600614257.154434,4544645,-0.09999627619981766,2499,1,1,14,0
1600614262.9395049,4547153,130.0,2500,0,6,2,4
1600614269.186284,4549655,230.0,2500,0,0,2,0
1600614275.139831,4552156,230.0,2500,0,1,0,1
1600614281.223392,4554669,120.0,2500,0,3,10,0
1600614288.033597,4557616,-4320.10009765625,2500,0,346,101,0
1600614293.797469,4560116,250.0,2500,0,0,0,0
1600614299.934317,4562616,240.0,2500,0,0,0,1
1600614305.768785,4565116,250.0,2500,0,0,0,0
1600614311.828254,4567619,220.0,2500,0,3,0,0
1600614317.961609,4570119,250.0,2500,0,0,0,0
1600614323.781163,4572620,240.0,2500,0,1,0,0
1600614329.824676,4575120,250.0,2500,0,0,0,0
1600614335.749546,4577621,240.0,2500,0,1,0,0
1600614341.859902,4580121,250.0,2500,0,0,0,0
1600614347.584306,4582621,250.0,2500,0,0,0,0
1600614353.6911218,4585122,240.0,2500,0,1,0,0
1600614359.5018299,4587624,230.0,2500,0,2,0,0
1600614366.1575449,4590341,-1920.0,2500,0,217,0,0
1600614371.9389818,4592841,250.0,2500,0,0,0,0
1600614378.037962,4595341,250.0,2500,0,0,0,0
1600614383.7892501,4597842,240.0,2500,0,1,0,0
1600614389.954344,4600342,250.0,2500,0,0,0,0
1600614395.903641,4602843,240.0,2500,0,1,0,0
1600614402.139337,4605358,100.0,2500,0,15,0,0
1600614408.1212292,4607907,-640.4000244140625,2496,4,2,47,0
1600614414.599743,4610565,-1430.0999755859375,2499,1,0,158,0
1600614420.373549,4613068,220.0,2500,0,3,0,0
1600614426.4739451,4615569,39.80000305175781,2498,2,0,1,0
1600614432.274025,4618070,240.0,2500,0,1,0,0
1600614438.382783,4620570,250.0,2500,0,0,0,0
1600614444.128789,4623070,250.0,2500,0,0,0,0
1600614450.225724,4625570,250.0,2500,0,0,0,0
1600614456.155894,4628070,250.0,2500,0,0,0,0
1600614462.413193,4630570,250.0,2500,0,0,0,0
1600614468.233046,4633070,250.0,2500,0,0,0,0
1600614474.3146172,4635570,250.0,2500,0,0,0,0
1600614480.049243,4638070,250.0,2500,0,0,0,0
1600614486.2099788,4640570,250.0,2500,0,0,0,0
1600614492.33439,4643074,210.0,2500,0,4,0,0
1600614503.601983,4647969,-26002.30078125,2500,0,2395,0,0
1600614509.56603,4650469,250.0,2500,0,0,0,0
1600614515.808015,4652974,200.0,2500,0,5,0,0
1600614523.122268,4656085,-6460.60009765625,2500,0,0,611,0
1600614529.233771,4658585,250.0,2500,0,0,0,0
1600614535.053689,4661090,200.0,2500,0,0,5,0
1600614541.171533,4663609,60.000003814697266,2500,0,0,19,0
1600614547.838999,4666436,-3220.199951171875,2500,0,0,327,0
1600614554.390615,4669059,-980.0,2500,0,0,123,0
1600614560.200819,4671568,160.0,2500,0,1,8,0
1600614566.328526,4674070,230.0,2500,0,0,2,0
1600614572.121335,4676570,250.0,2500,0,0,0,0
1600614578.3327832,4679075,200.0,2500,0,0,5,0
1600614584.1566458,4681575,250.0,2500,0,0,0,0
1600614593.9534879,4685806,-18261.19921875,2500,0,1728,3,0
1600614600.05482,4688314,170.0,2500,0,0,8,0
1600614606.075232,4690816,230.0,2500,0,2,0,0
1600614611.986718,4693316,250.0,2500,0,0,0,0
1600614618.060092,4695821,200.0,2500,0,0,5,0
1600614623.853958,4698323,230.0,2500,0,2,0,0
1600614630.125858,4700838,100.0,2500,0,15,0,0
1600614636.04157,4703338,250.0,2500,0,0,0,0
1600614642.193275,4705838,250.0,2500,0,0,0,0
1600614651.4233081,4709761,-15081.099609375,2500,0,1423,0,0
1600614657.2303228,4712261,250.0,2500,0,0,0,0
1600614663.289536,4714761,250.0,2500,0,0,0,0
1600614669.0861728,4717261,250.0,2500,0,0,0,0
1600614675.17756,4719761,250.0,2500,0,0,0,0
1600614681.093647,4722262,240.0,2500,0,1,0,0
1600614687.27698,4724793,-59.999996185302734,2500,0,31,0,0
1600614693.0690901,4727294,240.0,2500,0,1,0,0
1600614699.224687,4729795,240.0,2500,0,1,0,0
1600614705.363884,4732295,250.0,2500,0,0,0,0
1600614711.047233,4734797,230.0,2500,0,2,0,0
1600614717.1660612,4737302,200.0,2500,0,0,5,0
1600614723.097132,4739802,250.0,2500,0,0,0,0
1600614729.79283,4742643,-3160.0,2500,0,341,0,0
1600614735.9139352,4745144,240.0,2500,0,1,0,0
1600614741.636817,4747644,250.0,2500,0,0,0,0
1600614747.9097211,4750144,250.0,2500,0,0,0,0
1600614754.194817,4752645,240.0,2500,0,1,0,0
1600614760.158869,4755146,240.0,2500,0,1,0,0
1600614766.7451751,4757646,250.0,2500,0,0,0,0
1600614772.695072,4760147,240.0,2500,0,1,0,0
1600614779.06041,4762647,250.0,2500,0,0,0,0
1600614785.1248891,4765148,240.0,2500,0,1,0,0
1600614791.319253,4767648,250.0,2500,0,0,0,0
1600614797.183727,4770149,240.0,2500,0,1,0,0
1600614803.4442508,4772649,230.0,2500,0,0,0,2
1600614809.2361479,4775150,240.0,2500,0,1,0,0
1600614815.302794,4777651,240.0,2500,0,1,0,0
1600614821.1326132,4780152,240.0,2500,0,0,1,0
1600614827.26387,4782652,250.0,2500,0,0,0,0
1600614833.5411682,4785152,250.0,2500,0,0,0,0
1600614839.361231,4787652,250.0,2500,0,0,0,0
1600614845.59725,4790152,250.0,2500,0,0,0,0
1600614851.5574982,4792652,250.0,2500,0,0,0,0
1600614857.806345,4795156,190.0,2500,0,4,0,2
1600614863.7650502,4797656,250.0,2500,0,0,0,0
1600614870.281067,4800187,-59.999996185302734,2500,0,31,0,0
1600614876.6321201,4802689,230.0,2500,0,2,0,0
1600614882.5024252,4805190,240.0,2500,0,1,0,0
1600614888.636964,4807691,230.0,2500,0,1,0,1
1600614894.4838898,4810224,-99.99999237060547,2500,0,33,0,2
1600614900.7026932,4812724,250.0,2500,0,0,0,0
1600614906.680753,4815224,250.0,2500,0,0,0,0
1600614912.9574778,4817724,250.0,2500,0,0,0,0
1600614919.092167,4820226,230.0,2500,0,2,0,0
1600614924.8911748,4822727,240.0,2500,0,1,0,0
1600614931.148628,4825228,230.0,2500,0,1,0,1
1600614937.006774,4827732,210.0,2500,0,4,0,0
1600614943.174492,4830233,240.0,2500,0,1,0,0
1600614948.9778419,4832733,250.0,2500,0,0,0,0
1600614955.234447,4835234,240.0,2500,0,1,0,0
1600614961.222093,4837735,240.0,2500,0,1,0,0
1600614967.3948932,4840236,240.0,2500,0,1,0,0
1600614973.368438,4842736,250.0,2500,0,0,0,0
1600614979.62183,4845237,240.0,2500,0,1,0,0
1600614985.5703151,4847737,250.0,2500,0,0,0,0
1600614991.924903,4850237,250.0,2500,0,0,0,0
1600614998.359128,4852737,250.0,2500,0,0,0,0
1600615004.3015602,4855237,250.0,2500,0,0,0,0
1600615010.42506,4857737,250.0,2500,0,0,0,0
1600615016.317135,4860238,240.0,2500,0,1,0,0
1600615022.591649,4862738,250.0,2500,0,0,0,0
1600615028.5357811,4865239,240.0,2500,0,1,0,0
1600615034.8158798,4867740,240.0,2500,0,1,0,0
1600615040.6269178,4870240,250.0,2500,0,0,0,0
1600615046.708757,4872741,240.0,2500,0,1,0,0
1600615052.652385,4875241,250.0,2500,0,0,0,0
1600615058.923703,4877741,250.0,2500,0,0,0,0
1600615064.717014,4880243,220.0,2500,0,2,0,1
1600615070.801502,4882744,240.0,2500,0,1,0,0
1600615076.710667,4885244,250.0,2500,0,0,0,0
1600615083.0299048,4887744,250.0,2500,0,0,0,0
1600615089.336998,4890245,240.0,2500,0,1,0,0
1600615095.308685,4892745,250.0,2500,0,0,0,0
1600615101.585663,4895245,240.0,2500,0,0,0,1
1600615107.553548,4897746,240.0,2500,0,1,0,0
1600615113.813558,4900247,240.0,2500,0,0,1,0
1600615119.7665331,4902747,250.0,2500,0,0,0,0
1600615126.054081,4905248,240.0,2500,0,1,0,0
1600615131.9687512,4907751,220.0,2500,0,3,0,0
1600615138.185382,4910251,250.0,2500,0,0,0,0
1600615144.184554,4912751,250.0,2500,0,0,0,0
1600615150.4683552,4915251,250.0,2500,0,0,0,0
1600615156.57592,4917752,240.0,2500,0,1,0,0
1600615162.771232,4920252,250.0,2500,0,0,0,0
1600615168.905119,4922753,240.0,2500,0,1,0,0
1600615174.744076,4925253,240.0,2500,0,0,0,1
1600615180.939789,4927753,250.0,2500,0,0,0,0
1600615186.9187179,4930253,250.0,2500,0,0,0,0
1600615193.0944152,4932754,240.0,2500,0,1,0,0
1600615198.987552,4935254,250.0,2500,0,0,0,0
1600615205.266443,4937754,250.0,2500,0,0,0,0
1600615211.226784,4940254,230.0,2500,0,0,0,2
1600615217.478323,4942754,240.0,2500,0,0,0,1
1600615223.3976681,4945255,240.0,2500,0,1,0,0
1600615229.711326,4947755,250.0,2500,0,0,0,0
1600615235.7469928,4950261,190.0,2500,0,6,0,0
1600615241.9250932,4952761,240.0,2500,0,0,0,1
1600615247.766442,4955261,250.0,2500,0,0,0,0
1600615254.066588,4957761,250.0,2500,0,0,0,0
1600615260.300246,4960261,250.0,2500,0,0,0,0
1600615266.304205,4962762,240.0,2500,0,1,0,0
1600615272.6138098,4965262,250.0,2500,0,0,0,0
1600615278.4605691,4967764,230.0,2500,0,2,0,0
1600615284.630411,4970273,160.0,2500,0,3,6,0
1600615290.599339,4972774,240.0,2500,0,1,0,0
1600615296.846217,4975275,240.0,2500,0,1,0,0
1600615303.775569,4978138,-3680.300048828125,2500,0,363,0,0
1600615309.9104252,4980638,250.0,2500,0,0,0,0
1600615318.607533,4984064,-9710.7001953125,2500,0,926,0,0
1600615324.500719,4986565,240.0,2500,0,1,0,0
1600615330.757539,4989080,100.0,2500,0,15,0,0
1600615336.700873,4991580,250.0,2500,0,0,0,0
1600615342.960515,4994111,-59.999996185302734,2500,0,0,31,0
1600615349.363874,4996612,240.0,2500,0,1,0,0
1600615355.332994,4999112,250.0,2500,0,0,0,0
